[{"code":"","color":"#FFE91E63","name":"FF YTG MODER","typeName":"","palette":"242","type":"h","spec":"block creator by FF YTG MODER and Android making channel "},{"code":"TextView i%1$s \u003d (TextView) myView.findViewById(R.id.%2$s);\n\ni%1$s.setText(Build.VERSION.RELEASE);","color":"#FFF44336","name":"Set text 20_copy87","typeName":"","palette":"242","type":" ","spec":"set name  %s.inputOnly  real id %s.inputOnly as build release divies name 📛"},{"code":"TextView i%1$s \u003d (TextView) myView.findViewById(R.id.%2$s);\n\ni%1$s.setText(Build.MANUFACTURER.concat(\" \".concat(Build.MODEL)));","color":"#FFF44336","name":"Set text 19_copy94","typeName":"","palette":"242","type":" ","spec":"set name%s.inputOnly  id %s.inputOnly as build model "},{"code":"TextView i%1$s \u003d (TextView) myView.findViewById(R.id.%1$s);\n\ni%1$s.setTextSize((float) %2$s);","color":"#FFF44336","name":"setTextSize ;)_copy86","typeName":"","palette":"242","type":" ","spec":"name %s.inputOnly  real id %s.inputOnly  setTextSize %d"},{"code":"final %1$s %2$s \u003d (%1$s) myView.findViewById(R.id.%2$s);","color":"#FFF44336","name":"setTextSize ;)_copy75","typeName":"","palette":"242","type":" ","spec":"%m.typeview real id %s.inputOnly "},{"code":"showFloatingWindow();","color":"#FFF44336","name":"showFloatingWindow2_copy38","typeName":"","palette":"242","type":" ","spec":"Show Floating Window ☑"},{"code":"closes();","color":"#FFF44336","name":"closeWindow2_copy13","typeName":"","palette":"242","type":"f","spec":"closeWindow ❎"},{"code":"showFloatingWindow();","color":"#FFF44336","name":"showFloatingWindow2_copy88","typeName":"","palette":"242","type":" ","spec":"Show Floating Window ☑"},{"code":"wm.removeView(myView);","color":"#FF5240","name":"ExitWindow","typeName":"","palette":"242","type":" ","spec":"Exit Window 🔚"},{"code":"","color":"#FFF44336","name":"fkot","typeName":"","palette":"242","type":"h","spec":"floating window new injector block"},{"code":"%1$s %2$sha \u003d (%1$s)myView.findViewById(R.id.%2$s);\n\n%2$sha.setOnCheckedChangeListener(new CompoundButton.OnCheckedChangeListener() {\r\n\t\t\t@Override\r\n\t\t\tpublic void onCheckedChanged(CompoundButton _param1, boolean _param2)  {\r\n\t\t\t\tfinal boolean _isChecked \u003d _param2;\r\n\t\t\t\tif (_isChecked) {\r\n\t\t\t\t\t%3$s\r\n\t\t\t\t}\r\n\t\t\t\telse {\r\n\t\t\t\t\t%4$s\r\n\t\t\t\t}\r\n\t\t\t}\r\n\t\t});","color":"#FFD32F2F","name":"Floater Switchbn","typeName":"","palette":"242","type":"e","spec":"all  ID %m.typeview ✔ id  %s.inputOnly is  on ","spec2":"off 🔥 ⬇✔ "},{"code":"Switch %1$sha \u003d (Switch)myView.findViewById(R.id.%1$s);\n\n%1$sha.setOnCheckedChangeListener(new CompoundButton.OnCheckedChangeListener() {\r\n\t\t\t@Override\r\n\t\t\tpublic void onCheckedChanged(CompoundButton _param1, boolean _param2)  {\r\n\t\t\t\tfinal boolean _isChecked \u003d _param2;\r\n\t\t\t\tif (_isChecked) {\r\n\t\t\t\t\t%2$s\r\n\t\t\t\t}\r\n\t\t\t\telse {\r\n\t\t\t\t\t%3$s\r\n\t\t\t\t}\r\n\t\t\t}\r\n\t\t});","color":"#FFD32F2F","name":"Floater Switch_copy48bj","typeName":"","palette":"242","type":"e","spec":"Switch ID %s.inputOnly ✔ on ","spec2":"off 🔥 ⬇✔ "},{"code":"Switch %1$sha \u003d (Switch)myView.findViewById(R.id.%1$s);\n\n%1$sha.setOnCheckedChangeListener(new CompoundButton.OnCheckedChangeListener() {\r\n\t\t\t@Override\r\n\t\t\tpublic void onCheckedChanged(CompoundButton _param1, boolean _param2)  {\r\n\t\t\t\tfinal boolean _isChecked \u003d _param2;\r\n\t\t\t\tif (_isChecked) {\nfinal TextView kd%1$s \u003d (TextView) myView.findViewById(R.id.%1$s);\n\nkd%1$s.setTextColor(%2$s);\nkd%1$s.setTypeface(Typeface.createFromAsset(getAssets(),\"fonts/%4$s.ttf\"), 0);\r\n\t\t\t\t\t%6$s\r\n\t\t\t\t}\r\n\t\t\t\telse {\nfinal TextView kd%1$s \u003d (TextView) myView.findViewById(R.id.%1$s);\n\nkd%1$s.setTextColor(%3$s);\nkd%1$s.setTypeface(Typeface.createFromAsset(getAssets(),\"fonts/%5$s.ttf\"), 0);\r\n\t\t\t\t\t%7$s\n\r\n\t\t\t\t}\r\n\t\t\t}\r\n\t\t});\nSwitch %1$sat \u003d(Switch)myView.findViewById(R.id.%1$s);\n\nandroid.content.res.ColorStateList %1$satph \u003d new android.content.res.ColorStateList( new int[][]{ new int[]{-android.R.attr.state_enabled}, new int[]{android.R.attr.state_checked}, new int[]{} }, new int[]{ Color.BLUE, %2$s, %3$s } );\n%1$sat.setThumbTintList(%1$satph);\n//ffytgmoder_channel@copyright©2021","color":"#FFD32F2F","name":"Floater Switch_copy51 on off typeh","typeName":"","palette":"242","type":"e","spec":"Switch ID %s.inputOnly ✔ on %m.color  off ❌%m.color  on%m.font font off %m.font this","spec2":"off 🔥 ⬇✔ "},{"code":"CheckBox %1$sha \u003d (CheckBox)myView.findViewById(R.id.%1$s);\n\n%1$sha.setOnCheckedChangeListener(new CompoundButton.OnCheckedChangeListener() {\r\n\t\t\t@Override\r\n\t\t\tpublic void onCheckedChanged(CompoundButton _param1, boolean _param2)  {\r\n\t\t\t\tfinal boolean _isChecked \u003d _param2;\r\n\t\t\t\tif (_isChecked) {\r\n\t\t\t\t\t%2$s\r\n\t\t\t\t}\r\n\t\t\t\telse {\r\n\t\t\t\t\t%3$s\r\n\t\t\t\t}\r\n\t\t\t}\r\n\t\t});\n//by FF YTG MODER \u0026 Android sketchware master channel\n//pad for free c-9832397477","color":"#FFD32F2F","name":"Floater chackboox ১","typeName":"","palette":"242","type":"e","spec":"checkbox ID %s.inputOnly ✔️ ☑️","spec2":"off ❌❌"},{"code":"RadioButton %1$sha \u003d (RadioButton)myView.findViewById(R.id.%1$s);\n\n%1$sha.setOnCheckedChangeListener(new CompoundButton.OnCheckedChangeListener() {\r\n\t\t\t@Override\r\n\t\t\tpublic void onCheckedChanged(CompoundButton _param1, boolean _param2)  {\r\n\t\t\t\tfinal boolean _isChecked \u003d _param2;\r\n\t\t\t\tif (_isChecked) {\r\n\t\t\t\t\t%2$s\r\n\t\t\t\t}\r\n\t\t\t\telse {\r\n\t\t\t\t\t%3$s\r\n\t\t\t\t}\r\n\t\t\t}\r\n\t\t});\n//by FF YTG MODER \u0026 Android sketchware master channel\n//pad for free c-9832397477","color":"#FFE53935","name":"Floater chackboox ১_copy55","typeName":"","palette":"242","type":"e","spec":"radiobutton ID %s.inputOnly ✔️🎯","spec2":"off ❌"},{"code":"if (!android.provider.Settings.canDrawOverlays(MainActivity.this)){\n\tIntent intent \u003d new Intent(android.provider.Settings.ACTION_MANAGE_OVERLAY_PERMISSION, Uri.parse(\"package:\" + getPackageName()));\n    startActivity(intent);\n    }\n    else{\nIntent startMain \u003d new Intent(Intent.ACTION_MAIN); startMain.addCategory(Intent.CATEGORY_HOME); //startMain.setFlags(Intent.FLAG_ACTIVITY_EXCLUDE_FROM_RECENTS); \nstartActivity(startMain);\n\n int LAYOUT_FLAG;\nif (Build.VERSION.SDK_INT \u003e\u003d Build.VERSION_CODES.O) {\n    LAYOUT_FLAG \u003d WindowManager.LayoutParams.TYPE_APPLICATION_OVERLAY;\n} else {\n    LAYOUT_FLAG \u003d WindowManager.LayoutParams.TYPE_PHONE;\n}\n\nfinal WindowManager.LayoutParams params \u003d new WindowManager.LayoutParams(\n    WindowManager.LayoutParams.WRAP_CONTENT,\n    WindowManager.LayoutParams.WRAP_CONTENT,LAYOUT_FLAG, WindowManager.LayoutParams.FLAG_NOT_TOUCH_MODAL,\n     PixelFormat.TRANSPARENT);\n\n  final  WindowManager wm \u003d (WindowManager) getSystemService(WINDOW_SERVICE);\n    LayoutInflater inflater \u003d (LayoutInflater) getSystemService(LAYOUT_INFLATER_SERVICE);\n    //View myView \u003d inflater.inflate(R.layout.floating, null);\n//make by Android sketchware master ✓ please subscribe to my channel\n\nfinal View myView \u003d (View) getLayoutInflater().inflate(R.layout.%1$s, null); \n\n\nLinearLayout hold \u003d (LinearLayout) myView.findViewById(R.id.%2$s);\nhold.setBackground(new android.graphics.drawable.GradientDrawable() { public android.graphics.drawable.GradientDrawable getIns(int a, int b) { this.setCornerRadius(a); this.setColor(b); return this; } }.getIns((int)360, %3$s));\n\n    hold.setOnTouchListener(new OnTouchListener() {\nprivate int x;\nprivate int y;\n       @Override\n       public boolean onTouch(View v, MotionEvent event) {\nLinearLayout AndroidSketchwareMaster \u003d (LinearLayout) myView.findViewById(R.id.%2$s);\nAndroidSketchwareMaster.setAlpha((float)(1.0));\n switch (event.getAction()) { \ncase MotionEvent.ACTION_DOWN: \nx \u003d (int) event.getRawX(); \ny \u003d (int) event.getRawY(); \nbreak;\n\ncase MotionEvent.ACTION_MOVE: int nowX \u003d (int) event.getRawX(); \nAndroidSketchwareMaster.setAlpha((float)(0.6));\nint nowY \u003d (int) event.getRawY(); \nint movedX \u003d nowX - x; \nint movedY \u003d nowY - y; \nx \u003d nowX; y \u003d nowY; \nparams.x \u003d params.x + movedX; \nparams.y \u003d params.y + movedY; wm.updateViewLayout(myView, params); \nbreak; \ndefault: \nbreak; \n}\n return false;\n }\n });\n\n   //Specify the view position\n       params.gravity \u003d Gravity.TOP | Gravity.LEFT;        //Initially view will be added to top-left corner\n       params.x \u003d 0;\n       params.y \u003d 0;\n\n%4$s\n\nwm.addView(myView, params);\n}\n//youtube.com/@ANDROID_SKETCHWARE_MASTER\n\n/* credit by - Android sketchware master channel - https://youtube.com/@ANDROID_SKETCHWARE_MASTER telegram - @ANDROID_SKETCHWARE_MASTER It is made with care and free for you. It is for use only. Do not try to take credit for it. Credit only to this channel youtube.com/@ANDROID_SKETCHWARE_MASTER. * Code, block, name will not change. // And those who try to take credit in their own name by changing it - ********fuck./* \ncredit by - Android sketchware master\nchannel - https://youtube.com/@ANDROID_SKETCHWARE_MASTER\ntelegram - @ANDROID_SKETCHWARE_MASTER\n\nএটি অনেক যত্ন সহকারে আপনাদের জন্য ফ্রিতে বানানো হয়েছে। এটি শুধুমাত্র ব্যবহারের জন্য।এটির ক্রেডিট কেউ নিজের নামে নেওয়ার চেষ্টা করবেন না। ক্রেডিট শুধুমাত্র youtube.com/@ANDROID_SKETCHWARE_MASTER এই চ্যানেল এর উপরেই।\n*কোড , ব্লক , নাম চেঞ্জ করবে না।\n//আর যারা চেঞ্জ করে নিজের নামে credit নেওয়ার চেষ্টা করবে তার - ********fuck.*/","color":"#FF5240","name":"FloatNiCyberAlpha2","typeName":"","palette":"242","type":"c","spec":"Layout %m.customViews  Holder %s.inputOnly Color %m.color"},{"code":"if (!android.provider.Settings.canDrawOverlays(%4$s.this)){\n\tIntent intent \u003d new Intent(android.provider.Settings.ACTION_MANAGE_OVERLAY_PERMISSION, Uri.parse(\"package:\" + getPackageName()));\n    startActivity(intent);\n    }\n    else{\n\n\n int LAYOUT_FLAG;\nif (Build.VERSION.SDK_INT \u003e\u003d Build.VERSION_CODES.O) {\n    LAYOUT_FLAG \u003d WindowManager.LayoutParams.TYPE_APPLICATION_OVERLAY;\n} else {\n    LAYOUT_FLAG \u003d WindowManager.LayoutParams.TYPE_PHONE;\n}\n\nfinal WindowManager.LayoutParams params \u003d new WindowManager.LayoutParams(\n    WindowManager.LayoutParams.WRAP_CONTENT,\n    WindowManager.LayoutParams.WRAP_CONTENT,\n    LAYOUT_FLAG,\n      \n    WindowManager.LayoutParams.FLAG_NOT_TOUCH_MODAL | WindowManager.LayoutParams.FLAG_NOT_FOCUSABLE\n     , \n\n    PixelFormat.TRANSPARENT);\n\n  final  WindowManager wm \u003d (WindowManager) getSystemService(WINDOW_SERVICE);\n    LayoutInflater inflater \u003d (LayoutInflater) getSystemService(LAYOUT_INFLATER_SERVICE);\n    //View myView \u003d inflater.inflate(R.layout.floating, null);\n\nfinal View myView \u003d (View) getLayoutInflater().inflate(R.layout.%1$s, null); \n\n\nLinearLayout hold \u003d (LinearLayout) myView.findViewById(R.id.%2$s);\nhold.setBackground(new android.graphics.drawable.GradientDrawable() { public android.graphics.drawable.GradientDrawable getIns(int a, int b) { this.setCornerRadius(a); this.setColor(b); return this; } }.getIns((int)360, %3$s));\n\n    hold.setOnTouchListener(new OnTouchListener() {\nprivate int x;\nprivate int y;\n       @Override\n       public boolean onTouch(View v, MotionEvent event) {\nLinearLayout AndroidSketchwareMaster \u003d (LinearLayout) myView.findViewById(R.id.%2$s);\nAndroidSketchwareMaster.setAlpha((float)(1.0));\n switch (event.getAction()) { \ncase MotionEvent.ACTION_DOWN: \nx \u003d (int) event.getRawX(); \ny \u003d (int) event.getRawY(); \nbreak;\n\ncase MotionEvent.ACTION_MOVE: int nowX \u003d (int) event.getRawX(); \nAndroidSketchwareMaster.setAlpha((float)(0.6));\nint nowY \u003d (int) event.getRawY(); \nint movedX \u003d nowX - x; \nint movedY \u003d nowY - y; \nx \u003d nowX; y \u003d nowY; \nparams.x \u003d params.x + movedX; \nparams.y \u003d params.y + movedY; wm.updateViewLayout(myView, params); \nbreak; \ndefault: \nbreak; \n}\n return false;\n }\n });\n\n   //Specify the view position\n       params.gravity \u003d Gravity.TOP | Gravity.LEFT;        //Initially view will be added to top-left corner\n       params.x \u003d 10;\n       params.y \u003d 10;\n\n%5$s\n\nwm.addView(myView, params);\n}\n/* credit by - Android sketchware master channel - https://youtube.com/@ANDROID_SKETCHWARE_MASTER telegram - @ANDROID_SKETCHWARE_MASTER It is made with care and free for you. It is for use only. Do not try to take credit for it. Credit only to this channel youtube.com/@ANDROID_SKETCHWARE_MASTER. * Code, block, name will not change. // And those who try to take credit in their own name by changing it - ********fuck./* \ncredit by - Android sketchware master\nchannel - https://youtube.com/@ANDROID_SKETCHWARE_MASTER\ntelegram - @ANDROID_SKETCHWARE_MASTER\n\nএটি অনেক যত্ন সহকারে আপনাদের জন্য ফ্রিতে বানানো হয়েছে। এটি শুধুমাত্র ব্যবহারের জন্য।এটির ক্রেডিট কেউ নিজের নামে নেওয়ার চেষ্টা করবেন না। ক্রেডিট শুধুমাত্র youtube.com/@ANDROID_SKETCHWARE_MASTER এই চ্যানেল এর উপরেই।\n*কোড , ব্লক , নাম চেঞ্জ করবে না।\n//আর যারা চেঞ্জ করে নিজের নামে credit নেওয়ার চেষ্টা করবে তার - ********fuck.*/","color":"#FF5240","name":"FloatNiCyberAlpha1","typeName":"","palette":"242","type":"c","spec":"Layout %m.customViews  Holder %s.inputOnly Color %m.color %m.activity "},{"code":"if (!android.provider.Settings.canDrawOverlays(MainActivity.this)){\n\tIntent intent \u003d new Intent(android.provider.Settings.ACTION_MANAGE_OVERLAY_PERMISSION, Uri.parse(\"package:\" + getPackageName()));\n    startActivity(intent);\n    }\n    else{\nIntent startMain \u003d new Intent(Intent.ACTION_MAIN); startMain.addCategory(Intent.CATEGORY_HOME); //\nstartActivity(startMain);\n\n int LAYOUT_FLAG;\nif (Build.VERSION.SDK_INT \u003e\u003d Build.VERSION_CODES.O) {\n    LAYOUT_FLAG \u003d WindowManager.LayoutParams.TYPE_APPLICATION_OVERLAY;\n} else {\n    LAYOUT_FLAG \u003d WindowManager.LayoutParams.TYPE_PHONE;\n}\n\nfinal WindowManager.LayoutParams params \u003d new WindowManager.LayoutParams(\n    WindowManager.LayoutParams.WRAP_CONTENT,\n    WindowManager.LayoutParams.WRAP_CONTENT,\n    LAYOUT_FLAG,\n      \n    WindowManager.LayoutParams.FLAG_NOT_TOUCH_MODAL | WindowManager.LayoutParams.FLAG_NOT_FOCUSABLE\n     , \n\n    PixelFormat.TRANSPARENT);\n\n  final  WindowManager wm \u003d (WindowManager) getSystemService(WINDOW_SERVICE);\n    LayoutInflater inflater \u003d (LayoutInflater) getSystemService(LAYOUT_INFLATER_SERVICE);\n    //View myView \u003d inflater.inflate(R.layout.floating, null);\n\nfinal View myView \u003d (View) getLayoutInflater().inflate(R.layout.%1$s ,null); \n\n\nFrameLayout hold \u003d (FrameLayout) myView.findViewById(R.id.%2$s);\nhold.setBackground(new android.graphics.drawable.GradientDrawable() { public android.graphics.drawable.GradientDrawable getIns(int a, int b) { this.setCornerRadius(a); this.setColor(b); return this; } }.getIns((int)360, %3$s));\n\n    hold.setOnTouchListener(new OnTouchListener() {\nprivate int x;\nprivate int y;\n       @Override\n       public boolean onTouch(View v, MotionEvent event) {\n\n switch (event.getAction()) { \ncase MotionEvent.ACTION_DOWN: \nx \u003d (int) event.getRawX(); \ny \u003d (int) event.getRawY(); \nbreak;\n\ncase MotionEvent.ACTION_MOVE: int nowX \u003d (int) event.getRawX(); \nint nowY \u003d (int) event.getRawY(); \nint movedX \u003d nowX - x; \nint movedY \u003d nowY - y; \nx \u003d nowX; y \u003d nowY; \nparams.x \u003d params.x + movedX; \nparams.y \u003d params.y + movedY; wm.updateViewLayout(myView, params); \nbreak; \ndefault: \nbreak; \n}\n return false;\n }\n });\n\n   //Specify the view position\n       params.gravity \u003d Gravity.TOP | Gravity.LEFT;        //Initially view will be added to top-left corner\n       params.x \u003d 0;\n       params.y \u003d 0;\n\n%4$s\n\nwm.addView(myView, params);\n}\n/* credit by - Android sketchware master channel - https://youtube.com/@ANDROID_SKETCHWARE_MASTER telegram - @ANDROID_SKETCHWARE_MASTER It is made with care and free for you. It is for use only. Do not try to take credit for it. Credit only to this channel youtube.com/@ANDROID_SKETCHWARE_MASTER. * Code, block, name will not change. // And those who try to take credit in their own name by changing it - ********fuck./* \ncredit by - Android sketchware master\nchannel - https://youtube.com/@ANDROID_SKETCHWARE_MASTER\ntelegram - @ANDROID_SKETCHWARE_MASTER\n\nএটি অনেক যত্ন সহকারে আপনাদের জন্য ফ্রিতে বানানো হয়েছে। এটি শুধুমাত্র ব্যবহারের জন্য।এটির ক্রেডিট কেউ নিজের নামে নেওয়ার চেষ্টা করবেন না। ক্রেডিট শুধুমাত্র youtube.com/@ANDROID_SKETCHWARE_MASTER এই চ্যানেল এর উপরেই।\n*কোড , ব্লক , নাম চেঞ্জ করবে না।\n//আর যারা চেঞ্জ করে নিজের নামে credit নেওয়ার চেষ্টা করবে তার - ********fuck.*/","color":"#FF5240","name":"FrameFloatNiCyberAlpha_copy44","typeName":"","palette":"242","type":"c","spec":"FrameLayout %s.inputOnly Holder %s.inputOnly Color %m.color"},{"code":"final LinearLayout   %1$s \u003d (LinearLayout) myView.findViewById(R.id.%2$s);\n\n%1$s.setBackground(new android.graphics.drawable.GradientDrawable() { public android.graphics.drawable.GradientDrawable getIns(int a, int b) { this.setCornerRadius(a); this.setColor(b); return this; } }.getIns((int)%3$s, %4$s));","color":"#FF5240","name":"roundbilog","typeName":"","palette":"242","type":" ","spec":"LinearView Name %s.inputOnly ID %s.inputOnly Radius %d Color %m.color"},{"code":"final LinearLayout   %1$s \u003d (LinearLayout) myView.findViewById(R.id.%2$s);\n\n%1$s.setBackground(new android.graphics.drawable.GradientDrawable() { public android.graphics.drawable.GradientDrawable getIns(int a, int b) { this.setCornerRadius(a); this.setColor(b); return this; } }.getIns((int)%3$s, Color.parseColor(%4$s)));","color":"#FF5240","name":"roundbilogmano","typeName":"","palette":"242","type":" ","spec":"LinearView Name %s.inputOnly ID %s.inputOnly Radius %d Color %s"},{"code":"final FrameLayout   %1$s \u003d (FrameLayout) myView.findViewById(R.id.%2$s);\n\n%1$s.setBackground(new android.graphics.drawable.GradientDrawable() { public android.graphics.drawable.GradientDrawable getIns(int a, int b) { this.setCornerRadius(a); this.setColor(b); return this; } }.getIns((int)%3$s, %4$s));","color":"#FF5240","name":"roundbilogframe","typeName":"","palette":"242","type":" ","spec":"FrameView Name %s.inputOnly ID %s.inputOnly Radius %d Color %m.color"},{"code":"final FrameLayout   %1$s \u003d (FrameLayout) myView.findViewById(R.id.%2$s);\n\n%1$s.setBackground(new android.graphics.drawable.GradientDrawable() { \npublic android.graphics.drawable.GradientDrawable getIns(int a, int b) \n{ \nthis.setCornerRadius(a); this.setColor(b); return this; \n} }\n.getIns((int)%3$s, Color.parseColor(%4$s)));","color":"#FF5240","name":"roundbilogframemano","typeName":"","palette":"242","type":" ","spec":"FrameView Name %s.inputOnly ID %s.inputOnly Radius %d Color %s"},{"code":"%1$s %2$s \u003d (%1$s) myView.findViewById(R.id.%3$s);\n\n%2$s.setOnClickListener(new OnClickListener() { \n@Override \npublic void onClick(View v) {\n%4$s\n} });","color":"#FFD500F9","name":"buttonview master","typeName":"","palette":"242","type":"c","spec":"all type %m.typeview is  %s.inputOnly ID %s.inputOnly on click here "},{"code":"Button %1$s \u003d (Button) myView.findViewById(R.id.%2$s);\n\n%1$s.setOnClickListener(new OnClickListener() { \n@Override \npublic void onClick(View v) {\n%3$s\n} });","color":"#FFD32F2F","name":"buttonview_copy27","typeName":"","palette":"242","type":"c","spec":"Button Name %s.inputOnly ID %s.inputOnly"},{"code":"Button i%1$s \u003d (Button) myView.findViewById(R.id.%1$s);\n\ni%1$s.setOnLongClickListener(new View.OnLongClickListener(){\n@Override\npublic boolean onLongClick(View _view){\n%2$s\nreturn false;\n}\n});","color":"#FFD32F2F","name":"buttonview_copy65long click ","typeName":"","palette":"242","type":"c","spec":"Button Name %s.inputOnly ID on long  click "},{"code":"TextView %1$s \u003d (TextView) myView.findViewById(R.id.%2$s);\n\n%1$s.setOnClickListener(new OnClickListener() { \n@Override \npublic void onClick(View v) {\n%3$s\n} });","color":"#FF5240","name":"textviewffytg","typeName":"","palette":"242","type":"c","spec":"Textview Name %s.inputOnly ID %s.inputOnly"},{"code":"ImageView i%1$s \u003d (ImageView) myView.findViewById(R.id.%1$s);\n\ni%1$s.setOnClickListener(new OnClickListener() { \n@Override \npublic void onClick(View v) {\n%2$s\n} });","color":"#FF5240","name":"imageview","typeName":"","palette":"242","type":"c","spec":"Imageview ID %s.inputOnly"},{"code":"ImageView i%1$s \u003d (ImageView) myView.findViewById(R.id.%1$s);\n\ni%1$s.setOnLongClickListener(new View.OnLongClickListener(){\n@Override\npublic boolean onLongClick(View _view){\n%2$s\nreturn false;\n}\n});","color":"#FFD32F2F","name":"imageview_longclick","typeName":"","palette":"242","type":"c","spec":"Imageview ID %s.inputOnly on long click"},{"code":"LinearLayout %1$s \u003d (LinearLayout) myView.findViewById(R.id.%2$s);\n%1$s.setOnClickListener(new OnClickListener() { \n@Override \npublic void onClick(View v) {\n%3$s\n} });","color":"#FFF50057","name":"holderlin","typeName":"","palette":"242","type":"c","spec":"Holder Onclick Name %s.inputOnly ID %s.inputOnly"},{"code":"ImageView i%1$s \u003d (ImageView) myView.findViewById(R.id.%1$s);\ni%1$s.setVisibility(View.VISIBLE);         ","color":"#FFD32F2F","name":"visiball_immage hfh","typeName":"","palette":"242","type":" ","spec":"immage Visible %s.inputOnly by Android making"},{"code":"ImageView i%1$s \u003d (ImageView) myView.findViewById(R.id.%1$s);\n\ni%1$s.setVisibility(View.GONE);         ","color":"#FFE53935","name":"imagevirwgonehgg_copy34","typeName":"","palette":"242","type":" ","spec":"image Gone %s.inputOnly  by FF YTG MODER"},{"code":"%1$s.setVisibility(View.GONE);         ","color":"#FF5240","name":"gonkil","typeName":"","palette":"242","type":" ","spec":"Layout Gone %s.inputOnly"},{"code":"%1$s.setVisibility(View.VISIBLE);         ","color":"#FF5240","name":"visiball","typeName":"","palette":"242","type":" ","spec":"Layout Visible %s.inputOnly"},{"code":"ListView %1$s \u003d (ListView) myView.findViewById(R.id.%2$s);\nArrayList\u003cString\u003e %3$s \u003d new ArrayList\u003c\u003e();\n\n%4$s\n\n%1$s.setAdapter(new ArrayAdapter\u003cString\u003e(getBaseContext(), android.R.layout.simple_list_item_1, %3$s));\r","color":"#FF5240","name":"custlist","typeName":"","palette":"242","type":"c","spec":"ListView Name %s.inputOnly ID %s.inputOnly ListSrting %s.inputOnly"},{"code":"((BaseAdapter)%1$s.getAdapter()).notifyDataSetChanged();","color":"#FF5240","name":"reflist","typeName":"","palette":"242","type":" ","spec":"Refresh List %s.inputOnly"},{"code":"%2$s.add(%1$s);","color":"#FF5240","name":"stringmoer","typeName":"","palette":"242","type":" ","spec":"Add %s to ListString %s.inputOnly"},{"code":"%1$s.setOnItemClickListener(new AdapterView.OnItemClickListener() {\r\n\t\t\t@Override\r\n\t\t\tpublic void onItemClick(AdapterView\u003c?\u003e _param1, View _param2, int _param3, long _param4) {\r\n\t\t\t\tfinal int _position \u003d _param3;\r\n\t\t\t\t%2$s\r\t\t\t\r\n\t\t\t}\r\n\t\t});","color":"#FF5240","name":"onclicker","typeName":"","palette":"242","type":"c","spec":"List onclick %s.inputOnly"},{"code":"_position","color":"#FF5240","name":"postal","typeName":"","palette":"242","type":"d","spec":"position"},{"code":"LinearLayout %1$s \u003d myView.findViewById(R.id.%2$s);\nEditText %3$s \u003d myView.findViewById(R.id.%4$s);\n\n((LinearLayout)%1$s).removeView(%3$s); \nfinal com.google.android.material.textfield.TextInputLayout %5$s \u003d new com.google.android.material.textfield.TextInputLayout (MainActivity.this);\n %5$s.setLayoutParams(new LinearLayout.LayoutParams(LinearLayout.LayoutParams.MATCH_PARENT, LinearLayout.LayoutParams.WRAP_CONTENT)); \n\n %5$s.setPadding((int)getDip(2), (int)getDip(2) , (int)getDip(2) , (int)getDip(2) );\n%5$s.setGravity(Gravity.CENTER);\n%5$s.setHintEnabled(true);\n%5$s.setHint(\"%6$s\");\n%5$s.setBoxBackgroundMode(%5$s.BOX_BACKGROUND_OUTLINE); \n%5$s.setBoxStrokeColor(%7$s);\n%5$s.setBoxCornerRadii(5, 5, 5, 5);\n%5$s.setErrorEnabled(true);\n%5$s.setHintAnimationEnabled(true);\n\n%5$s.addView(%3$s);\n ((LinearLayout)%1$s).addView(%5$s);","color":"#FF5240","name":"Material Input2","typeName":"","palette":"242","type":" ","spec":"LayoutName %s.inputOnly \u0026 ID%s.inputOnly | Edittext name %s.inputOnly \u0026 ID %s.inputOnly | Material %s.inputOnly Hint %s.inputOnly | Color %m.color"},{"code":"%1$s.getText().toString()","color":"#FF5240","name":"gtext","typeName":"","palette":"242","type":"s","spec":"%s.inputOnly getText"},{"code":"RequestNetwork.RequestListener %1$s \u003d new RequestNetwork.RequestListener() {\r\n\t@Override\r\n\t\t\tpublic void onResponse(String _param1, String _param2) {\r\n\t\t\t\tfinal String _tag \u003d _param1;\r\n\t\t\t\tfinal String _response \u003d _param2;\r\n\t\t\t%2$s\t\r\n\t\t\t}\r\n\t\t\t\r\n\t\t\t@Override\r\n\t\t\tpublic void onErrorResponse(String _param1, String _param2) {\r\n\t\t\t\tfinal String _tag \u003d _param1;\r\n\t\t\t\tfinal String _message \u003d _param2;\r\n\t\t\t\t%3$s\r\n\t\t\t}\r\n\t\t};","color":"#FF5240","name":"requestmo","typeName":"","palette":"242","type":"e","spec":"%s.inputOnly Request Network"},{"code":"_response","color":"#FF5240","name":"respo","typeName":"","palette":"242","type":"s","spec":"response"},{"code":"%1$s.smoothScrollToPosition((int)(%2$s.size()));","color":"#FF5240","name":"smoter","typeName":"","palette":"242","type":" ","spec":"%s.inputOnly smoothScroll %s.inputOnly"},{"code":"EditText %1$s \u003d myView.findViewById(R.id.%2$s);\n\n%1$s.setText(%3$s);","color":"#FF5240","name":"texsor","typeName":"","palette":"242","type":" ","spec":"Name %s.inputOnly ID %s.inputOnly setText %s"},{"code":"%1$s.setText(%2$s);","color":"#FF5240","name":"texsor2","typeName":"","palette":"242","type":" ","spec":"%s.inputOnly NonID setText %s"},{"code":"EditText %1$s \u003d myView.findViewById(R.id.%2$s);\n%1$s.setCursorVisible(%3$s);\n%1$s.setFocusable(%3$s);","color":"#FF5240","name":"primera","typeName":"","palette":"242","type":" ","spec":"SetFocus Name %s.inputOnly ID %s.inputOnly %b"},{"code":"ImageView %1$s \u003d (ImageView) myView.findViewById(R.id.%2$s);\n\n%1$s.setOnClickListener(new OnClickListener() { \n@Override \npublic void onClick(View v) {\n\n%3$s\n\n} });","color":"#FF5240","name":"paste","typeName":"","palette":"242","type":"c","spec":"Icon Paste  Name %s.inputOnly ID %s.inputOnly"},{"code":"TextView %1$s \u003d (TextView)myView.findViewById(R.id.%2$s); %1$s.setEllipsize(TextUtils.TruncateAt.MARQUEE); %1$s.setText(\"%3$s\"); %1$s.setSelected(true); %1$s.setSingleLine(true);","color":"#FF5240","name":"running text","typeName":"","palette":"242","type":" ","spec":"Running Text setName %s.inputOnly setID %s.inputOnly setText %s.inputOnly "},{"code":"EditText %1$s \u003d myView.findViewById(R.id.%2$s);\n\nandroid.content.ClipboardManager clipboard \u003d (android.content.ClipboardManager) getSystemService(CLIPBOARD_SERVICE);\nClipData clipData \u003d clipboard.getPrimaryClip();\n\nString clip \u003d clipData.getItemAt(0).getText().toString();\n%1$s.setText(clip);\n","color":"#FF5240","name":"editpaste","typeName":"","palette":"242","type":" ","spec":"EditText Paste Name %s.inputOnly ID %s.inputOnly"},{"code":"%1$s.getLineCount();\n%1$s.append(String.valueOf(%1$s)+\"\\n\");","color":"#FF5240","name":"appendix","typeName":"","palette":"242","type":" ","spec":"%s.inputOnly append"},{"code":"final TextView d%1$s \u003d (TextView) myView.findViewById(R.id.%1$s);\n\nd%1$s.setText(%2$s);\nd%1$s.setTextColor(%3$s);","color":"#FF5240","name":"lutext","typeName":"","palette":"242","type":" ","spec":"%s.inputOnly setText %s Color %m.color"},{"code":"Switch %1$sat \u003d(Switch)myView.findViewById(R.id.%1$s);\n\nandroid.content.res.ColorStateList %1$satph \u003d new android.content.res.ColorStateList( new int[][]{ new int[]{-android.R.attr.state_enabled}, new int[]{android.R.attr.state_checked}, new int[]{} }, new int[]{ Color.BLUE, %2$s, %3$s } );\n%1$sat.setThumbTintList(%1$satph);\n\n//code by CyberAlpha PH","color":"#FF5240","name":"CyberAlpha Switch Color Mano","typeName":"","palette":"242","type":" ","spec":"%s.inputOnly ON Color %m.color  OFF Color %m.color "},{"code":"","color":"#FFD32F2F","name":"h","typeName":"","palette":"242","type":"h","spec":"seekbar use block by Android master channel 🔥"},{"code":"%1$sffytg_android_master_channel","color":"#FFF44336","name":"get progress_copy34","typeName":"","palette":"242","type":"d","spec":"%s.inputOnly  get progress"},{"code":"SeekBar %1$s \u003d (SeekBar) myView.findViewById(R.id.%2$s);\n//pad by Free only use do not modding my code\n","color":"#FFF44336","name":"seekbar_copy81/ffytgmoder","typeName":"","palette":"242","type":" ","spec":"seekbar name %s.inputOnly  seekbar id %s.inputOnly  by ©Android master"},{"code":"//seekbar on progress by FF YTG MODER and Android master channel, please subscribe to my channel\n%1$s.setOnSeekBarChangeListener(new SeekBar.OnSeekBarChangeListener() {\r\n\t\t\t@Override\r\n\t\t\tpublic void onProgressChanged (SeekBar _param1, int _param2, boolean _param3) {\r\n\t\t\t\tfinal int %1$sffytg_android_master_channel \u003d _param2;\r\n\t\t\t\t\r%2$s\n\t\t\t}\r\n\t\t\t\r\n\t\t\t@Override\r\n\t\t\tpublic void onStartTrackingTouch(SeekBar _param1) {\r\n\t\t\t\t\r\n\t\t\t}\r\n\t\t\t\r\n\t\t\t@Override\r\n\t\t\tpublic void onStopTrackingTouch(SeekBar _param2) {\r\n\t\t\t\t\r\n\t\t\t}\r\n\t\t});","color":"#FFF44336","name":"OnSeekBarProgressChanengseekbar by FF YTG MODER_copy90","typeName":"seekbar","palette":"242","type":"c","spec":"id %s.inputOnly  seekber progress Android master channel "},{"code":"//* No one will do my code and blogs in their own name\n//* I make the codes myself but its evaluation gets nothing\n//* Name of the person created FF YTG MODER and Android master channel\n//© FF YTG MODER\n//*seekbar use for id and name not same","color":"#FFF44336","name":"instructions_copy80","typeName":"","palette":"242","type":" ","spec":"instructions block seekbar"},{"code":"%1$s.getProgressDrawable().setColorFilter(Color.parseColor(\"%2$s\"), PorterDuff.Mode.SRC_IN);\n\r\n%1$s.getThumb().setColorFilter(Color.parseColor(\"%3$s\"), PorterDuff.Mode.SRC_IN);\n//*seekbar name S1 and id seekbar1\n//chanel by FF YTG MODER","color":"#FFD32F2F","name":"color change ","typeName":"","palette":"242","type":" ","spec":"%s.inputOnly id %m.color seekbar color %m.color progress cheng"},{"code":"","color":"#FFD32F2F","name":"g","typeName":"","palette":"242","type":"h","spec":"esp crosshairmake pro block by Android master channel "},{"code":"windowManager \u003d (WindowManager) getSystemService(WINDOW_SERVICE); layoutParams \u003d new WindowManager.LayoutParams(); if (Build.VERSION.SDK_INT \u003e\u003d Build.VERSION_CODES.O) { \tlayoutParams.type \u003d WindowManager.LayoutParams.TYPE_APPLICATION_OVERLAY; } else { \tlayoutParams.type \u003d WindowManager.LayoutParams.TYPE_PHONE; } layoutParams.format \u003d PixelFormat.RGBA_8888; layoutParams.gravity \u003d Gravity.CENTER_VERTICAL | Gravity.CENTER_HORIZONTAL; layoutParams.flags \u003d WindowManager.LayoutParams.FLAG_NOT_TOUCH_MODAL | WindowManager.LayoutParams.FLAG_NOT_FOCUSABLE; layoutParams.width \u003d 100; layoutParams.height \u003d 100; layoutParams.x \u003d 0; layoutParams.y \u003d 0; _reCall(); } private WindowManager windowManager; private WindowManager.LayoutParams layoutParams; private View displayView; private void showFloatingWindow() { LayoutInflater layoutInflater \u003d LayoutInflater.from(this); displayView \u003d layoutInflater.inflate(R.layout.%1$s, null); displayView.setOnTouchListener(new FloatingOnTouchListener()); final ImageView %2$s \u003d displayView.findViewById(R.id.%3$s); windowManager.addView(displayView, layoutParams); } private class FloatingOnTouchListener implements View.OnTouchListener { private int x; private int y; @Override public boolean onTouch(View view, MotionEvent event) { \t \tswitch (event.getAction()) { \t\tcase MotionEvent.ACTION_DOWN: \t\tx \u003d (int) event.getRawX(); \t\ty \u003d (int) event.getRawY(); \t\tbreak; \t\t \t\tcase MotionEvent.ACTION_MOVE: int nowX \u003d (int) event.getRawX(); \t\tint nowY \u003d (int) event.getRawY(); \t\tint movedX \u003d nowX - x; \t\tint movedY \u003d nowY - y; \t\tx \u003d nowX; y \u003d nowY; \t\tlayoutParams.x \u003d layoutParams.x + movedX; \t\tlayoutParams.y \u003d layoutParams.y + movedY; windowManager.updateViewLayout(view, layoutParams); \t\tbreak; \t\tdefault: \t\tbreak; \t} \t return true; \t } } public void closes(){ try{ \twindowManager.removeView(displayView); } catch(Exception e){ \t } } private void _reCall(){","color":"#FFD32F2F","name":"esp crosshairmake pro block ","typeName":"","palette":"242","type":" ","spec":"%m.customViews esp crosshairmake pro block on creat button name%s.inputOnly  id%s.inputOnly "},{"code":"final ImageView %1$s \u003d displayView.findViewById(R.id.%2$s);\r\n//*esp crossier pro block//by Android master channel//*\n\t%1$s.setBackgroundResource(R.drawable.%3$s);\n\n//create by FF YTG MODER//and Android master channel this url https://youtube.com/channel/UCFINjunyJF043GLxSvqXMAw //","color":"#FFF44336","name":"crossier_copy11","typeName":"crossier","palette":"242","type":" ","spec":"name %s.inputOnly  image view id %s.inputOnly  image%m.resource  esp crossier by Android master channel and FF YTG MODER"},{"code":"final TitanicTextView mytext \u003d new TitanicTextView(MainActivity.this);\nmytext.setText(\"FF YTG MODER\");\nmytext.setTextSize((float)25);\nmytext.setTextColor(0xFFFF0000); mytext.setLayoutParams(new LinearLayout.LayoutParams(android.widget.LinearLayout.LayoutParams.WRAP_CONTENT, android.widget.LinearLayout.LayoutParams.WRAP_CONTENT));\nlinear2.addView(mytext, 1);\n\nmytext.setTypeface(Typeface.createFromAsset(getAssets(),\"fonts/satisfy.ttf\"), 0);\n\nnew Titanic().start(mytext);","color":"#FF388E3C","name":"TITAN BY FF YTG MODER_copy80","typeName":"","palette":"242","type":"h","spec":"TITAN BLOCK BY ANDROID MASTER CHANNEL ues \u003e\u003emore block \u003c\u003c\u003ctian"},{"code":"final TitanicTextView mytext \u003d new TitanicTextView(MainActivity.this);\nmytext.setText(%1$s);\nmytext.setTextSize((float)%2$s);\nmytext.setTextColor(%3$s); mytext.setLayoutParams(new LinearLayout.LayoutParams(android.widget.LinearLayout.LayoutParams.WRAP_CONTENT, android.widget.LinearLayout.LayoutParams.WRAP_CONTENT));\n%4$s.addView(mytext, 1);\n\nmytext.setTypeface(Typeface.createFromAsset(getAssets(),\"fonts/%5$s.ttf\"), 0);\n%6$s\nnew Titanic().start(mytext);","color":"#FF4CAF50","name":"titinic txt animation _copy71","typeName":"","palette":"242","type":"c","spec":"set text %s  size %d  colors %m.color id %s.inputOnly  %m.font"},{"code":"}\n\n\npublic class Titanic {\n\n    private AnimatorSet animatorSet;\n    private Animator.AnimatorListener animatorListener;\n\n    public Animator.AnimatorListener getAnimatorListener() {\n        return animatorListener;\n    }\n\n    public void setAnimatorListener(Animator.AnimatorListener animatorListener) {\n        this.animatorListener \u003d animatorListener;\n    }\n\n    public void start(final TitanicTextView textView) {\n\n        final Runnable animate \u003d new Runnable() {\n            @Override\n            public void run() {\n\n                textView.setSinking(true);\n\n                // horizontal animation. 200 \u003d wave.png width\n                ObjectAnimator maskXAnimator \u003d ObjectAnimator.ofFloat(textView, \"maskX\", 0, 200);\n                maskXAnimator.setRepeatCount(ValueAnimator.INFINITE);\n                maskXAnimator.setDuration(1000);\n                maskXAnimator.setStartDelay(0);\n\n                int h \u003d textView.getHeight();\n\n                // vertical animation\n                // maskY \u003d 0 -\u003e wave vertically centered\n                // repeat mode REVERSE to go back and forth\n                ObjectAnimator maskYAnimator \u003d ObjectAnimator.ofFloat(textView, \"maskY\", h/2, - h/2);\n                maskYAnimator.setRepeatCount(ValueAnimator.INFINITE);\n                maskYAnimator.setRepeatMode(ValueAnimator.REVERSE);\n                maskYAnimator.setDuration(10000);\n                maskYAnimator.setStartDelay(0);\n\n                // now play both animations together\n                animatorSet \u003d new AnimatorSet();\n                animatorSet.playTogether(maskXAnimator, maskYAnimator);\n                animatorSet.setInterpolator(new LinearInterpolator());\n                animatorSet.addListener(new Animator.AnimatorListener() {\n                    @Override\n                    public void onAnimationStart(Animator animation) {\n                    }\n\n                    @Override\n                    public void onAnimationEnd(Animator animation) {\n                        textView.setSinking(false);\n\n                        if (Build.VERSION.SDK_INT \u003c Build.VERSION_CODES.JELLY_BEAN) {\n                            textView.postInvalidate();\n                        } else {\n                            textView.postInvalidateOnAnimation();\n                        }\n\n                        animatorSet \u003d null;\n                    }\n\n                    @Override\n                    public void onAnimationCancel(Animator animation) {\n\n                    }\n\n                    @Override\n                    public void onAnimationRepeat(Animator animation) {\n\n                    }\n                });\n\n\n                if (animatorListener !\u003d null) {\n                    animatorSet.addListener(animatorListener);\n                }\n\n                animatorSet.start();\n            }\n        };\n\n        if (!textView.isSetUp()) {\n            textView.setAnimationSetupCallback(new AnimationSetupCallback() {\n                @Override\n                public void onSetupAnimation(final TitanicTextView target) {\n                    animate.run();\n                }\n            });\n        } else {\n            animate.run();\n        }\n    }\n\n    public void cancel() {\n        if (animatorSet !\u003d null) {\n            animatorSet.cancel();\n        }\n    }\n}\n\n\npublic interface AnimationSetupCallback {\n        public void onSetupAnimation(TitanicTextView titanicTextView);\n    }\n\n\npublic class TitanicTextView extends TextView {\n    // callback fired at first onSizeChanged\n    private AnimationSetupCallback animationSetupCallback;\n    // wave shader coordinates\n    private float maskX, maskY;\n    // if true, the shader will display the wave\n    private boolean sinking;\n    // true after the first onSizeChanged\n    private boolean setUp;\n\n    // shader containing a repeated wave\n    private BitmapShader shader;\n    // shader matrix\n    private Matrix shaderMatrix;\n    // wave drawable\n    private android.graphics.drawable.Drawable wave;\n    // (getHeight() - waveHeight) / 2\n    private float offsetY;\n\n    public TitanicTextView(Context context) {\n        super(context);\n        init();\n    }\n\n    public TitanicTextView(Context context, AttributeSet attrs) {\n        super(context, attrs);\n        init();\n    }\n\n    public TitanicTextView(Context context, AttributeSet attrs, int defStyle) {\n        super(context, attrs, defStyle);\n        init();\n    }\n\n    private void init() {\n        shaderMatrix \u003d new Matrix();\n    }\n\n    public AnimationSetupCallback getAnimationSetupCallback() {\n        return animationSetupCallback;\n    }\n\n    public void setAnimationSetupCallback(AnimationSetupCallback animationSetupCallback) {\n        this.animationSetupCallback \u003d animationSetupCallback;\n    }\n\n    public float getMaskX() {\n        return maskX;\n    }\n\n    public void setMaskX(float maskX) {\n        this.maskX \u003d maskX;\n        invalidate();\n    }\n\n    public float getMaskY() {\n        return maskY;\n    }\n\n    public void setMaskY(float maskY) {\n        this.maskY \u003d maskY;\n        invalidate();\n    }\n\n    public boolean isSinking() {\n        return sinking;\n    }\n\n    public void setSinking(boolean sinking) {\n        this.sinking \u003d sinking;\n    }\n\n    public boolean isSetUp() {\n        return setUp;\n    }\n\n    @Override\n    public void setTextColor(int color) {\n        super.setTextColor(color);\n        createShader();\n    }\n\n    @Override\n    public void setTextColor(android.content.res.ColorStateList colors) {\n        super.setTextColor(colors);\n        createShader();\n    }\n\n    @Override\n    protected void onSizeChanged(int w, int h, int oldw, int oldh) {\n        super.onSizeChanged(w, h, oldw, oldh);\n\n        createShader();\n\n        if (!setUp) {\n            setUp \u003d true;\n            if (animationSetupCallback !\u003d null) {\n                animationSetupCallback.onSetupAnimation(TitanicTextView.this);\n            }\n        }\n    }\n\n    /**\n     * Create the shader\n     * draw the wave with current color for a background\n     * repeat the bitmap horizontally, and clamp colors vertically\n     */\n    @SuppressWarnings(\"deprecation\")\n    private void createShader() {\n\n        if (wave \u003d\u003d null) {\n            wave \u003d getResources().getDrawable(R.drawable.%1$s);\n        }\n\n        int waveW \u003d wave.getIntrinsicWidth();\n        int waveH \u003d wave.getIntrinsicHeight();\n\n        Bitmap b \u003d Bitmap.createBitmap(waveW, waveH, Bitmap.Config.ARGB_8888);\n        Canvas c \u003d new Canvas(b);\n\n        c.drawColor(getCurrentTextColor());\n\n        wave.setBounds(0, 0, waveW, waveH);\n        wave.draw(c);\n\n        shader \u003d new BitmapShader(b, Shader.TileMode.REPEAT, Shader.TileMode.CLAMP);\n        getPaint().setShader(shader);\n\n        offsetY \u003d (getHeight() - waveH) / 2;\n \n    }\n\n    @Override\n    protected void onDraw(Canvas canvas) {\n\n        // modify text paint shader according to sinking state\n        if (sinking \u0026\u0026 shader !\u003d null) {\n\n            // first call after sinking, assign it to our paint\n            if (getPaint().getShader() \u003d\u003d null) {\n                getPaint().setShader(shader);\n            }\n\n            // translate shader accordingly to maskX maskY positions\n            // maskY is affected by the offset to vertically center the wave\n            shaderMatrix.setTranslate(maskX, maskY + offsetY);\n\n            // assign matrix to invalidate the shader\n            shader.setLocalMatrix(shaderMatrix);\n        } else {\n            getPaint().setShader(null);\n        }\n\n        super.onDraw(canvas);\n    }\n}\n\npublic void nothing() {","color":"#FF388E3C","name":"moretitan_copy39","typeName":"","palette":"242","type":" ","spec":"more block input \u003e\u003e titan %m.resource "},{"code":"Switch %1$sha \u003d (Switch)myView.findViewById(R.id.%1$s);\n\n%1$sha.setOnCheckedChangeListener(new CompoundButton.OnCheckedChangeListener() {\r\n\t\t\t@Override\r\n\t\t\tpublic void onCheckedChanged(CompoundButton _param1, boolean _param2)  {\r\n\t\t\t\tfinal boolean _isChecked \u003d _param2;\r\n\t\t\t\tif (_isChecked) {\r\n\t\t\t\t\t%4$s\r\n\t\t\t\t}\r\n\t\t\t\telse {\r\n\t\t\t\t\t%5$s\r\n\t\t\t\t}\r\n\t\t\t}\r\n\t\t});\nSwitch %1$sat \u003d(Switch)myView.findViewById(R.id.%1$s);\n\nandroid.content.res.ColorStateList %1$satph \u003d new android.content.res.ColorStateList( new int[][]{ new int[]{-android.R.attr.state_enabled}, new int[]{android.R.attr.state_checked}, new int[]{} }, new int[]{ Color.BLUE, %2$s, %3$s } );\n%1$sat.setThumbTintList(%1$satph);","color":"#FFD32F2F","name":"Floater Switch_copy51 on off","typeName":"","palette":"242","type":"e","spec":"Switch ID %s.inputOnly ✔ on %m.color  off ❌%m.color  ","spec2":"off 🔥 ⬇✔ "},{"code":"SeekBar %1$s \u003d (SeekBar) myView.findViewById(R.id.%2$s);\n//pad by Free only use do not modding my code\n","color":"#FFF44336","name":"seekbar_copy81/ffytgmoder","typeName":"","palette":"242","type":" ","spec":"seekbar name %s.inputOnly  seekbar id %s.inputOnly  by ©Android master"},{"code":"//seekbar on progress by FF YTG MODER and Android master channel, please subscribe to my channel\n%1$s.setOnSeekBarChangeListener(new SeekBar.OnSeekBarChangeListener() {\r\n\t\t\t@Override\r\n\t\t\tpublic void onProgressChanged (SeekBar _param1, int _param2, boolean _param3) {\r\n\t\t\t\tfinal int %1$sffytg_android_master_channel \u003d _param2;\r\n\t\t\t\t\r%2$s\n\t\t\t}\r\n\t\t\t\r\n\t\t\t@Override\r\n\t\t\tpublic void onStartTrackingTouch(SeekBar _param1) {\r\n\t\t\t\t\r\n\t\t\t}\r\n\t\t\t\r\n\t\t\t@Override\r\n\t\t\tpublic void onStopTrackingTouch(SeekBar _param2) {\r\n\t\t\t\t\r\n\t\t\t}\r\n\t\t});","color":"#FFF44336","name":"OnSeekBarProgressChanengseekbar by FF YTG MODER_copy90","typeName":"seekbar","palette":"242","type":"c","spec":"id %s.inputOnly  seekber progress Android master channel "},{"code":"%1$sffytg_android_master_channel","color":"#FFE91E63","name":"get progress_copy34","typeName":"","palette":"242","type":"d","spec":"%s.inputOnly  get progress"},{"code":"%1$s.getProgressDrawable().setColorFilter(Color.parseColor(\"%2$s\"), PorterDuff.Mode.SRC_IN);\n\r\n%1$s.getThumb().setColorFilter(Color.parseColor(\"%3$s\"), PorterDuff.Mode.SRC_IN);\n//*seekbar name S1 and id seekbar1\n//chanel by FF YTG MODER","color":"#FFD32F2F","name":"color change ","typeName":"","palette":"242","type":" ","spec":"%s.inputOnly id %m.color seekbar color %m.color progress cheng"},{"code":"%1$s android_master%2$s \u003d (%1$s) myView.findViewById(R.id.%2$s);\n//android master Sketchware block 2023","color":"#FFD32F2F","name":"sketchware lve","typeName":"","palette":"242","type":" ","spec":"all type injector block %m.typeview is id %s.inputOnly "},{"code":"%1$s.getButtonDrawable().setColorFilter(Color.parseColor(%2$s), PorterDuff.Mode.SRC_IN);","color":"#FFF44336","name":"checkbox colour change","typeName":"","palette":"242","type":" ","spec":"%m.view checkbox colour change in colour%s "},{"code":"if (!android.provider.Settings.canDrawOverlays(%4$s.this)){\n\tIntent intent \u003d new Intent(android.provider.Settings.ACTION_MANAGE_OVERLAY_PERMISSION, Uri.parse(\"package:\" + getPackageName()));\n    startActivity(intent);\n    }\n    else{\n\n\n int LAYOUT_FLAG;\nif (Build.VERSION.SDK_INT \u003e\u003d Build.VERSION_CODES.O) {\n    LAYOUT_FLAG \u003d WindowManager.LayoutParams.TYPE_APPLICATION_OVERLAY;\n} else {\n    LAYOUT_FLAG \u003d WindowManager.LayoutParams.TYPE_PHONE;\n}\n\nfinal WindowManager.LayoutParams params \u003d new WindowManager.LayoutParams(\n    WindowManager.LayoutParams.WRAP_CONTENT,\n    WindowManager.LayoutParams.WRAP_CONTENT,\n    LAYOUT_FLAG,\n      \n    WindowManager.LayoutParams.FLAG_NOT_TOUCH_MODAL | WindowManager.LayoutParams.FLAG_NOT_FOCUSABLE\n     , \n\n    PixelFormat.TRANSPARENT);\n\n  final  WindowManager wm \u003d (WindowManager) getSystemService(WINDOW_SERVICE);\n    LayoutInflater inflater \u003d (LayoutInflater) getSystemService(LAYOUT_INFLATER_SERVICE);\n    //View myView \u003d inflater.inflate(R.layout.floating, null);\n\nfinal View myView \u003d (View) getLayoutInflater().inflate(R.layout.%1$s, null); \n\n\nLinearLayout hold \u003d (LinearLayout) myView.findViewById(R.id.%2$s);\nhold.setBackground(new android.graphics.drawable.GradientDrawable() { public android.graphics.drawable.GradientDrawable getIns(int a, int b) { this.setCornerRadius(a); this.setColor(b); return this; } }.getIns((int)360, %3$s));\n\n    hold.setOnTouchListener(new OnTouchListener() {\nprivate int x;\nprivate int y;\n       @Override\n       public boolean onTouch(View v, MotionEvent event) {\n\n switch (event.getAction()) { \ncase MotionEvent.ACTION_DOWN: \nx \u003d (int) event.getRawX(); \ny \u003d (int) event.getRawY(); \nbreak;\n\ncase MotionEvent.ACTION_MOVE: int nowX \u003d (int) event.getRawX(); \nint nowY \u003d (int) event.getRawY(); \nint movedX \u003d nowX - x; \nint movedY \u003d nowY - y; \nx \u003d nowX; y \u003d nowY; \nparams.x \u003d params.x + movedX; \nparams.y \u003d params.y + movedY; wm.updateViewLayout(myView, params); \nbreak; \ndefault: \nbreak; \n}\n return false;\n }\n });\n\n   //Specify the view position\n       params.gravity \u003d Gravity.TOP | Gravity.LEFT;        //Initially view will be added to top-left corner\n       params.x \u003d 10;\n       params.y \u003d 10;\n\n%5$s\n\nwm.addView(myView, params);\n}\n","color":"#FFF44336","name":"FloatNiCyberAlpha_modified","typeName":"","palette":"242","paletteColor":0.0,"type":"c","spec":"Layout %m.layout  Holder %s.inputOnly Color %m.color %m.activity ","spec2":""}]