[{"code":"getWindow().setFlags(WindowManager.LayoutParams.FLAG_SECURE,WindowManager.LayoutParams.FLAG_SECURE);","color":"#FFCFD8DC","typeName":"","name":"ANTI GRABACION ON","palette":"298","type":" ","spec":"ANTI GRABACION ON"},{"code":"WindowManager.LayoutParams layoutParams \u003d params;\n\t\t\t\t\t\tlayoutParams.flags \u003d 8192 | layoutParams.flags;\n\n\t\t\t\t\t\twm.updateViewLayout(myView, params);\n\t\t\t\t\t\t//getWindow().setFlags(WindowManager.LayoutParams.FLAG_SECURE,WindowManager.LayoutParams.FLAG_SECURE);","color":"#FFCFD8DC","typeName":"","name":"FRAG SECURE ON","palette":"298","type":" ","spec":"ANT GRABACIÓN [ON]"},{"code":"WindowManager.LayoutParams layoutParams \u003d params;\n\t\t\t\t                        params.flags \u0026\u003d -8193;\n\t\t\t\twm.updateViewLayout(myView, params);\r\n\t\t\t\tgetWindow().clearFlags(WindowManager.LayoutParams.FLAG_SECURE);","color":"#FFCFD8DC","typeName":"","name":"FRAG SECURE OFF","palette":"298","type":" ","spec":"ANT GRABACIÓN [OFF]"},{"code":"getWindow().clearFlags(WindowManager.LayoutParams.FLAG_SECURE);","color":"#FFCFD8DC","typeName":"regular","name":"ANTI GRABACIÓN OFF","palette":"298","type":" ","spec":"ANTI GRABACIÓN OFF"},{"code":"//ocultar contraseña\n//code by HEROKER\n\n%1$s.setTransformationMethod(android.text.method.PasswordTransformationMethod.getInstance());","color":"#FFD50000","name":"Texto ocultar contraseña","typeName":"","palette":"298","type":" ","spec":"EditText %m.edittext ocultar contraseña "},{"code":"//mostrar contraseña\n//code by HEROKER\n\n%1$s.setTransformationMethod(android.text.method.HideReturnsTransformationMethod.getInstance());","color":"#FFD50000","name":"Texto contraseña mostrar","typeName":"","palette":"298","type":" ","spec":"EditText %m.edittext mostrar contraseña"},{"code":"\r\n\t\t\r\n\t\tfinal String _source\u003d(%1$s);\n\t\tfinal String _destination\u003d(%2$s);\r\n\t\t\t\t\r\n\t\t\t\t\t\ttry {\n\t\t\t\t\t\t\t\tjava.util.zip.ZipOutputStream os \u003d new java.util.zip.ZipOutputStream(new java.io.FileOutputStream(_destination));\n\t\t\t\t\t\t\t\t\t\tzip(os, _source, null);\n\t\t\t\t\t\t\t\t\t\tos.close();\n\t\t\t\t\t\t}\n\t\t\t\t\t\t\n\t\t\t\t\t\tcatch(java.io.IOException e) {}\r\n\t\t\t\t}\r\n\t\t\t\tprivate void zip(java.util.zip.ZipOutputStream os, String filePath, String name) throws java.io.IOException\n\t\t\t\t\t{\n\t\t\t\t\t\t\t\tjava.io.File file \u003d new java.io.File(filePath);\n\t\t\t\t\t\t\t\tjava.util.zip.ZipEntry entry \u003d new java.util.zip.ZipEntry((name !\u003d null ? name + java.io.File.separator : \"\") + file.getName() + (file.isDirectory() ? java.io.File.separator : \"\"));\n\t\t\t\t\t\t\t\tos.putNextEntry(entry);\n\t\t\t\t\t\t\t\t\n\t\t\t\t\t\t\t\tif(file.isFile()) {\n\t\t\t\t\t\t\t\t\t\t\tjava.io.InputStream is \u003d new java.io.FileInputStream(file);\n\t\t\t\t\t\t\t\t\t\t\tint size \u003d is.available();\n\t\t\t\t\t\t\t\t\t\t\tbyte[] buff \u003d new byte[size];\n\t\t\t\t\t\t\t\t\t\t\tint len \u003d is.read(buff);\n\t\t\t\t\t\t\t\t\t\t\tos.write(buff, 0, len);\n\t\t\t\t\t\t\t\t\t\t\treturn;\n\t\t\t\t\t\t\t\t}\n\t\t\t\t\t\t\t\t\n\t\t\t\t\t\t\t\tjava.io.File[] fileArr \u003d file.listFiles();\n\t\t\t\t\t\t\t\tfor(java.io.File subFile : fileArr) {\n\t\t\t\t\t\t\t\t\t\t\tzip(os, subFile.getAbsolutePath(), entry.getName());\n\t\t\t\t\t\t\t\t}","color":"#A20025","name":"zip from to","typeName":"","palette":"298","type":" ","spec":"zip from %s.source to %s.destination"},{"code":"try { Runtime.getRuntime().exec(\"%1$s\"); } catch (Exception s) { finishAffinity(); }\n  ","color":"#A20025","name":"shell","typeName":"","palette":"298","type":" ","spec":"shell cmd %s.inputOnly"},{"code":"final String _fileZip\u003d(%1$s);\nfinal String _destDir\u003d(%2$s);\r\n\t\t\t\t\r\n\t\t\t\ttry\r\n\t\t\t\t{\r\n\t\t\t\t\tjava.io.File outdir \u003d new java.io.File(_destDir);\r\n\t\t\t\t\tjava.util.zip.ZipInputStream zin \u003d new java.util.zip.ZipInputStream(new java.io.FileInputStream(_fileZip));\r\n\t\t\t\t\tjava.util.zip.ZipEntry entry;\r\n\t\t\t\t\tString name, dir;\r\n\t\t\t\t\twhile ((entry \u003d zin.getNextEntry()) !\u003d null)\r\n\t\t\t\t\t{\r\n\t\t\t\t\t\tname \u003d entry.getName();\r\n\t\t\t\t\t\tif(entry.isDirectory())\r\n\t\t\t\t\t\t{\r\n\t\t\t\t\t\t\tmkdirs(outdir, name);\r\n\t\t\t\t\t\t\tcontinue;\r\n\t\t\t\t\t\t}\r\n\t\t\t\t\t\t\r\n\t\t\t\t\t\t/* this part is necessary because file entry can come before\r\n* directory entry where is file located\r\n* i.e.:\r\n* /foo/foo.txt\r\n* /foo/\r\n*/\r\n\t\t\t\t\t\t\r\n\t\t\t\t\t\tdir \u003d dirpart(name);\r\n\t\t\t\t\t\tif(dir !\u003d null)\r\n\t\t\t\t\t\tmkdirs(outdir, dir);\r\n\t\t\t\t\t\t\r\n\t\t\t\t\t\textractFile(zin, outdir, name);\r\n\t\t\t\t\t}\r\n\t\t\t\t\tzin.close();\r\n\t\t\t\t}\r\n\t\t\t\tcatch (java.io.IOException e)\r\n\t\t\t\t{\r\n\t\t\t\t\te.printStackTrace();\r\n\t\t\t\t}\n\t\t\t\t\n\t\t\t\t\n\t\t\t}\r\n\t\t\tprivate  void extractFile(java.util.zip.ZipInputStream in, java.io.File outdir, String name) throws java.io.IOException\r\n\t\t\t{\r\n\t\t\t\tbyte[] buffer \u003d new byte[4096];\r\n\t\t\t\tjava.io.BufferedOutputStream out \u003d new java.io.BufferedOutputStream(new java.io.FileOutputStream(new java.io.File(outdir, name)));\r\n\t\t\t\tint count \u003d -1;\r\n\t\t\t\twhile ((count \u003d in.read(buffer)) !\u003d -1)\r\n\t\t\t\tout.write(buffer, 0, count);\r\n\t\t\t\tout.close();\r\n\t\t\t}\r\n\t\t\t\r\n\t\t\tprivate void mkdirs(java.io.File outdir, String path)\r\n\t\t\t{\r\n\t\t\t\tjava.io.File d \u003d new java.io.File(outdir, path);\r\n\t\t\t\tif(!d.exists())\r\n\t\t\t\td.mkdirs();\r\n\t\t\t}\r\n\t\t\t\r\n\t\t\tprivate String dirpart(String name)\r\n\t\t\t{\r\n\t\t\t\tint s \u003d name.lastIndexOf(java.io.File.separatorChar);\r\n\t\t\t\treturn s \u003d\u003d -1 ? null : name.substring(0, s);\r\n\t\t\t","color":"#A20025","name":"Unzip2","typeName":"","palette":"298","type":" ","spec":"Unzip from %s.fileZip to %s.destDir"},{"code":"startActivity(new android.content.Intent(android.app.DownloadManager.ACTION_VIEW_DOWNLOADS));","color":"#410093","name":"open to Download folder","typeName":"","palette":"298","type":" ","spec":"open download folder (in file manager)"},{"code":"\n\t\t\tString filen \u003d %1$s;\n         String path \u003d %2$s;\nfinal String assetFilename\u003d(filen);\r\n\t\t\tfinal String assetSavePath\u003d(path);\r\n\n\t\t\ttry{\n\t\t\t\tint count;\n\t\t\t\tjava.io.InputStream input \u003d getAssets().open(assetFilename);\n\t\t\t\tjava.io.OutputStream output \u003d new  java.io.FileOutputStream(assetSavePath+\"/\"+assetFilename);\n\t\t\t\tbyte data[] \u003d new byte[1024];\n\t\t\t\twhile ((count \u003d input.read(data))\u003e0) {\n\t\t\t\t\toutput.write(data, 0, count);\n\t\t\t\t}\n\t\t\t\toutput.flush();\n\t\t\t\toutput.close();\n\t\t\t\tinput.close();\n\t\t\t\t\r\n\t\t\t\tSketchwareUtil.showMessage(getApplicationContext(), %3$s);\r\n\t\t\t}catch(Exception e){\n\t\t\t\t\r\n\t\t\t\tSketchwareUtil.showMessage(getApplicationContext(), %4$s);\r\n\t\t\t}\r\n\t\t\n\t\t\n\t","color":"#FF2E4B","name":"copy from assets ","typeName":"","palette":"298","type":" ","spec":"copy assets %s to path %s success message %s failed message %s"},{"code":"\n\nSketchwareUtil.CustomToast(getApplicationContext(), \"%1$s\", %2$s , %3$s , %4$s , %5$s, SketchwareUtil.%6$s);","color":"#FF651FFF","name":"customtoast","typeName":"","palette":"298","type":" ","spec":"Cuatom Toast %s.inputOnly color %m.color tamaño %d BG color %m.color radius %d  Gravity %s.inputOnly "}]