[{"code":"/* credit by - Android sketchware master channel - https://youtube.com/@ANDROID_SKETCHWARE_MASTER telegram - @ANDROID_SKETCHWARE_MASTER It is made with care and free for you. It is for use only. Do not try to take credit for it. Credit only to this channel youtube.com/@ANDROID_SKETCHWARE_MASTER. * Code, block, name will not change. // And those who try to take credit in their own name by changing it - ********fuck.\n\n/* credit by - Android sketchware master\nchannel - https://youtube.com/@ANDROID_SKETCHWARE_MASTER\ntelegram - @ANDROID_SKETCHWARE_MASTER\n\nএটি অনেক যত্ন সহকারে আপনাদের জন্য ফ্রিতে বানানো হয়েছে। এটি শুধুমাত্র ব্যবহারের জন্য।এটির ক্রেডিট কেউ নিজের নামে নেওয়ার চেষ্টা করবেন না। ক্রেডিট শুধুমাত্র youtube.com/@ANDROID_SKETCHWARE_MASTER এই চ্যানেল এর উপরেই।\n*কোড , ব্লক , নাম চেঞ্জ করবে না।\n//আর যারা চেঞ্জ করে নিজের নামে credit নেওয়ার চেষ্টা করবে তার - ********fuck.","color":"#FF4CAF50","name":"myview_copy67","typeName":"","palette":"297","type":"h","spec":"creat by - Android sketchware master + green injector block + thank you Android master"},{"code":"final %1$s %2$s \u003d (%1$s) myView.findViewById(R.id.%2$s);\n//thank you Android sketchware master","color":"#FF4CAF50","name":"myview","typeName":"","palette":"297","type":" ","spec":"%m.typeview real id %s.inputOnly myView"},{"code":"if (!android.provider.Settings.canDrawOverlays(MainActivity.this)){\n\tIntent intent \u003d new Intent(android.provider.Settings.ACTION_MANAGE_OVERLAY_PERMISSION, Uri.parse(\"package:\" + getPackageName()));\n    startActivity(intent);\n    }\n    else{\nIntent startMain \u003d new Intent(Intent.ACTION_MAIN); startMain.addCategory(Intent.CATEGORY_HOME); //startMain.setFlags(Intent.FLAG_ACTIVITY_EXCLUDE_FROM_RECENTS); \nstartActivity(startMain);\n\n int LAYOUT_FLAG;\nif (Build.VERSION.SDK_INT \u003e\u003d Build.VERSION_CODES.O) {\n    LAYOUT_FLAG \u003d WindowManager.LayoutParams.TYPE_APPLICATION_OVERLAY;\n} else {\n    LAYOUT_FLAG \u003d WindowManager.LayoutParams.TYPE_PHONE;\n}\n\nfinal WindowManager.LayoutParams params \u003d new WindowManager.LayoutParams(\n    WindowManager.LayoutParams.WRAP_CONTENT,\n    WindowManager.LayoutParams.WRAP_CONTENT,\n    LAYOUT_FLAG,\n      \n    WindowManager.LayoutParams.FLAG_NOT_TOUCH_MODAL | WindowManager.LayoutParams.FLAG_NOT_FOCUSABLE\n     , \n\n    PixelFormat.TRANSPARENT);\n\n  final  WindowManager wm \u003d (WindowManager) getSystemService(WINDOW_SERVICE);\n    LayoutInflater inflater \u003d (LayoutInflater) getSystemService(LAYOUT_INFLATER_SERVICE);\n    //View myView \u003d inflater.inflate(R.layout.floating, null);\n\nfinal View myView \u003d (View) getLayoutInflater().inflate(R.layout.%1$s, null); \n\n\nLinearLayout hold \u003d (LinearLayout) myView.findViewById(R.id.%2$s);\nhold.setBackground(new android.graphics.drawable.GradientDrawable() { public android.graphics.drawable.GradientDrawable getIns(int a, int b) { this.setCornerRadius(a); this.setColor(b); return this; } }.getIns((int)360, %3$s));\n\n    hold.setOnTouchListener(new OnTouchListener() {\nprivate int x;\nprivate int y;\n       @Override\n       public boolean onTouch(View v, MotionEvent event) {\n\n switch (event.getAction()) { \ncase MotionEvent.ACTION_DOWN: \nx \u003d (int) event.getRawX(); \ny \u003d (int) event.getRawY(); \nbreak;\n\ncase MotionEvent.ACTION_MOVE: int nowX \u003d (int) event.getRawX(); \nint nowY \u003d (int) event.getRawY(); \nint movedX \u003d nowX - x; \nint movedY \u003d nowY - y; \nx \u003d nowX; y \u003d nowY; \nparams.x \u003d params.x + movedX; \nparams.y \u003d params.y + movedY; wm.updateViewLayout(myView, params); \nbreak; \ndefault: \nbreak; \n}\n return false;\n }\n });\n\n   //Specify the view position\n       params.gravity \u003d Gravity.TOP | Gravity.LEFT;        //Initially view will be added to top-left corner\n       params.x \u003d 0;\n       params.y \u003d 0;\n\n%4$s\n\nwm.addView(myView, params);\n}\n","color":"#FF4CAF50","name":"FloatNiCyberAlpha_copy42","typeName":"","palette":"297","type":"h","spec":"Android sketchware master Main Layout %s.inputOnly Holder %s.inputOnly Color %m.color"},{"code":"if (!android.provider.Settings.canDrawOverlays(%1$s.this)){\n\tIntent intent \u003d new Intent(android.provider.Settings.ACTION_MANAGE_OVERLAY_PERMISSION, Uri.parse(\"package:\" + getPackageName()));\n    startActivity(intent);\n    }\n    else{\nIntent startMain \u003d new Intent(Intent.ACTION_MAIN); startMain.addCategory(Intent.CATEGORY_HOME); //startMain.setFlags(Intent.FLAG_ACTIVITY_EXCLUDE_FROM_RECENTS); \nstartActivity(startMain);\n\n int LAYOUT_FLAG;\nif (Build.VERSION.SDK_INT \u003e\u003d Build.VERSION_CODES.O) {\n    LAYOUT_FLAG \u003d WindowManager.LayoutParams.TYPE_APPLICATION_OVERLAY;\n} else {\n    LAYOUT_FLAG \u003d WindowManager.LayoutParams.TYPE_PHONE;\n}\n\nfinal WindowManager.LayoutParams params \u003d new WindowManager.LayoutParams(\n    WindowManager.LayoutParams.WRAP_CONTENT,\n    WindowManager.LayoutParams.WRAP_CONTENT,\n    LAYOUT_FLAG,\n      \n    WindowManager.LayoutParams.FLAG_NOT_TOUCH_MODAL | WindowManager.LayoutParams.FLAG_NOT_FOCUSABLE\n     , \n\n    PixelFormat.TRANSPARENT);\n\n  final  WindowManager wm \u003d (WindowManager) getSystemService(WINDOW_SERVICE);\n    LayoutInflater inflater \u003d (LayoutInflater) getSystemService(LAYOUT_INFLATER_SERVICE);\n    //View myView \u003d inflater.inflate(R.layout.floating, null);\n\nfinal View myView \u003d (View) getLayoutInflater().inflate(R.layout.%2$s, null); \n\n\nLinearLayout AndroidMaster \u003d (LinearLayout) myView.findViewById(R.id.%3$s);\nAndroidMaster.setBackground(new android.graphics.drawable.GradientDrawable() { public android.graphics.drawable.GradientDrawable getIns(int a, int b) { this.setCornerRadius(a); this.setColor(b); return this; } }.getIns((int)0, %4$s));\n    AndroidMaster.setOnTouchListener(new OnTouchListener() {\nprivate int x;\nprivate int y;\n       @Override\n       public boolean onTouch(View v, MotionEvent event) {\nLinearLayout AndroidSketchwareMaster \u003d (LinearLayout) myView.findViewById(R.id.%3$s);\nAndroidSketchwareMaster.setAlpha((float)(1.0));\n switch (event.getAction()) { \ncase MotionEvent.ACTION_DOWN: \nx \u003d (int) event.getRawX(); \ny \u003d (int) event.getRawY();\nbreak;\ncase MotionEvent.ACTION_MOVE:\nAndroidSketchwareMaster.setAlpha((float)(0.6));\nint nowX \u003d (int) event.getRawX(); \nint nowY \u003d (int) event.getRawY(); \nint movedX \u003d nowX - x; \nint movedY \u003d nowY - y; \nx \u003d nowX; y \u003d nowY; \nparams.x \u003d params.x + movedX; \nparams.y \u003d params.y + movedY; wm.updateViewLayout(myView, params);\nbreak; \ndefault: \nbreak; \n}\n return false;\n }\n });\n\n   //Specify the view position\n       params.gravity \u003d Gravity.TOP | Gravity.LEFT;        //Initially view will be added to top-left corner\n       params.x \u003d 0;\n       params.y \u003d 0;\n\n%5$s\n\nwm.addView(myView, params);\n}\n/* credit by - Android sketchware master channel - https://youtube.com/@ANDROID_SKETCHWARE_MASTER telegram - @ANDROID_SKETCHWARE_MASTER It is made with care and free for you. It is for use only. Do not try to take credit for it. Credit only to this channel youtube.com/@ANDROID_SKETCHWARE_MASTER. * Code, block, name will not change. // And those who try to take credit in their own name by changing it - ********fuck./* \ncredit by - Android sketchware master\nchannel - https://youtube.com/@ANDROID_SKETCHWARE_MASTER\ntelegram - @ANDROID_SKETCHWARE_MASTER\n\nএটি অনেক যত্ন সহকারে আপনাদের জন্য ফ্রিতে বানানো হয়েছে। এটি শুধুমাত্র ব্যবহারের জন্য।এটির ক্রেডিট কেউ নিজের নামে নেওয়ার চেষ্টা করবেন না। ক্রেডিট শুধুমাত্র youtube.com/@ANDROID_SKETCHWARE_MASTER এই চ্যানেল এর উপরেই।\n*কোড , ব্লক , নাম চেঞ্জ করবে না।\n.*/","color":"#FF4CAF50","name":"FloatNiCyberAlpha Android sketchware master","typeName":"","palette":"297","type":"c","spec":"Activity %m.activity Layout %m.layout  Holder %s.inputOnly Color %m.color in direct mobile home page show"},{"code":"if (!android.provider.Settings.canDrawOverlays(%1$s.this)){\n\tIntent intent \u003d new Intent(android.provider.Settings.ACTION_MANAGE_OVERLAY_PERMISSION, Uri.parse(\"package:\" + getPackageName()));\n    startActivity(intent);\n    }\n    else{\n//direct injector app page floating window show\n\n int LAYOUT_FLAG;\nif (Build.VERSION.SDK_INT \u003e\u003d Build.VERSION_CODES.O) {\n    LAYOUT_FLAG \u003d WindowManager.LayoutParams.TYPE_APPLICATION_OVERLAY;\n} else {\n    LAYOUT_FLAG \u003d WindowManager.LayoutParams.TYPE_PHONE;\n}\n\nfinal WindowManager.LayoutParams params \u003d new WindowManager.LayoutParams(\n    WindowManager.LayoutParams.WRAP_CONTENT,\n    WindowManager.LayoutParams.WRAP_CONTENT,\n    LAYOUT_FLAG,\n      WindowManager.LayoutParams.FLAG_NOT_TOUCH_MODAL | WindowManager.LayoutParams.FLAG_NOT_FOCUSABLE\n     , \n\n    PixelFormat.TRANSPARENT);\n\n  final  WindowManager wm \u003d (WindowManager) getSystemService(WINDOW_SERVICE);\n    LayoutInflater inflater \u003d (LayoutInflater) getSystemService(LAYOUT_INFLATER_SERVICE);\n    //View myView \u003d inflater.inflate(R.layout.floating, null);\n\nfinal View myView \u003d (View) getLayoutInflater().inflate(R.layout.%2$s, null); \n\n\nLinearLayout AndroidSketchwareMaster \u003d (LinearLayout) myView.findViewById(R.id.%3$s);\nAndroidSketchwareMaster.setBackground(new android.graphics.drawable.GradientDrawable() { public android.graphics.drawable.GradientDrawable getIns(int a, int b) { this.setCornerRadius(a); this.setColor(b); return this; } }.getIns((int)0, %4$s));\n\n    AndroidSketchwareMaster.setOnTouchListener(new OnTouchListener() {\nprivate int x;\nprivate int y;\n       @Override\n       public boolean onTouch(View v, MotionEvent event) {\nLinearLayout AndroidMaster \u003d (LinearLayout) myView.findViewById(R.id.%3$s);\nAndroidMaster.setAlpha((float)(1.0));\n switch (event.getAction()) { \ncase MotionEvent.ACTION_DOWN: \nx \u003d (int) event.getRawX(); \ny \u003d (int) event.getRawY();\n\nbreak;\n\ncase MotionEvent.ACTION_MOVE: int nowX \u003d (int) event.getRawX(); \nint nowY \u003d (int) event.getRawY(); \nint movedX \u003d nowX - x; \nint movedY \u003d nowY - y; \nx \u003d nowX; y \u003d nowY; \nparams.x \u003d params.x + movedX; \nparams.y \u003d params.y + movedY;\n wm.updateViewLayout(myView, params);\nAndroidMaster.setAlpha((float)(0.6));\nbreak; \ndefault: \nbreak; \n}\n return false;\n }\n });\n\n   //Specify the view position\n       params.gravity \u003d Gravity.TOP | Gravity.LEFT;        //Initially view will be added to top-left corner\n    params.x \u003d 0;\n       params.y \u003d 0;\n\n%5$s\n\nwm.addView(myView, params);\n}\n/* credit by - Android sketchware master channel - https://youtube.com/@ANDROID_SKETCHWARE_MASTER telegram - @ANDROID_SKETCHWARE_MASTER It is made with care and free for you. It is for use only. Do not try to take credit for it. Credit only to this channel youtube.com/@ANDROID_SKETCHWARE_MASTER. * Code, block, name will not change. // And those who try to take credit in their own name by changing it - ********fuck./* \ncredit by - Android sketchware master\nchannel - https://youtube.com/@ANDROID_SKETCHWARE_MASTER\ntelegram - @ANDROID_SKETCHWARE_MASTER\n\nএটি অনেক যত্ন সহকারে আপনাদের জন্য ফ্রিতে বানানো হয়েছে। এটি শুধুমাত্র ব্যবহারের জন্য।এটির ক্রেডিট কেউ নিজের নামে নেওয়ার চেষ্টা করবেন না। ক্রেডিট শুধুমাত্র youtube.com/@ANDROID_SKETCHWARE_MASTER এই চ্যানেল এর উপরেই।\n*কোড , ব্লক , নাম চেঞ্জ করবে না।\n//আর যারা চেঞ্জ করে নিজের নামে credit নেওয়ার চেষ্টা করবে তার - ********fuck.*/","color":"#FF4CAF50","name":"FloatNiCyberAlpha_copyAndroidMaster","typeName":"","palette":"297","type":"c","spec":"%m.activity Layout %m.layout  Holder %s.inputOnly Color %m.color injector app floating window show"},{"code":"final %1$s %2$s \u003d (%1$s) myView.findViewById(R.id.%2$s);","color":"#FF4CAF50","name":"myView","typeName":"","palette":"297","type":" ","spec":"final Layout %m.typeview  MyView id real  %s.inputOnly "},{"code":"final %1$s %2$s \u003d (%1$s) myView.findViewById(R.id.%3$s);","color":"#FF4CAF50","name":"myView to id","typeName":"","palette":"297","type":" ","spec":"final Layout %m.typeview  MyView id %s.inputOnly to real id %s.inputOnly "},{"code":"if (!android.provider.Settings.canDrawOverlays(MainActivity.this)){\n\tIntent intent \u003d new Intent(android.provider.Settings.ACTION_MANAGE_OVERLAY_PERMISSION, Uri.parse(\"package:\" + getPackageName()));\n    startActivity(intent);\n    }\n    else{\nIntent startMain \u003d new Intent(Intent.ACTION_MAIN); startMain.addCategory(Intent.CATEGORY_HOME); //startMain.setFlags(Intent.FLAG_ACTIVITY_EXCLUDE_FROM_RECENTS); \nstartActivity(startMain);\n\n int LAYOUT_FLAG;\nif (Build.VERSION.SDK_INT \u003e\u003d Build.VERSION_CODES.O) {\n    LAYOUT_FLAG \u003d WindowManager.LayoutParams.TYPE_APPLICATION_OVERLAY;\n} else {\n    LAYOUT_FLAG \u003d WindowManager.LayoutParams.TYPE_PHONE;\n}\n\nfinal WindowManager.LayoutParams params \u003d new WindowManager.LayoutParams(\n    WindowManager.LayoutParams.WRAP_CONTENT,\n    WindowManager.LayoutParams.WRAP_CONTENT,\n    LAYOUT_FLAG,\n      \n    WindowManager.LayoutParams.FLAG_NOT_TOUCH_MODAL | WindowManager.LayoutParams.FLAG_NOT_FOCUSABLE\n     , \n\n    PixelFormat.TRANSPARENT);\n\n  final  WindowManager wm \u003d (WindowManager) getSystemService(WINDOW_SERVICE);\n    LayoutInflater inflater \u003d (LayoutInflater) getSystemService(LAYOUT_INFLATER_SERVICE);\n    //View myView \u003d inflater.inflate(R.layout.floating, null);\n\nfinal View myView \u003d (View) getLayoutInflater().inflate(R.layout.%1$s, null); \n\n\nLinearLayout hold \u003d (LinearLayout) myView.findViewById(R.id.%2$s);\nhold.setBackground(new android.graphics.drawable.GradientDrawable() { public android.graphics.drawable.GradientDrawable getIns(int a, int b) { this.setCornerRadius(a); this.setColor(b); return this; } }.getIns((int)360, %3$s));\n\n    hold.setOnTouchListener(new OnTouchListener() {\nprivate int x;\nprivate int y;\n       @Override\n       public boolean onTouch(View v, MotionEvent event) {\n\n switch (event.getAction()) { \ncase MotionEvent.ACTION_DOWN: \nx \u003d (int) event.getRawX(); \ny \u003d (int) event.getRawY(); \nbreak;\n\ncase MotionEvent.ACTION_MOVE: int nowX \u003d (int) event.getRawX(); \nint nowY \u003d (int) event.getRawY(); \nint movedX \u003d nowX - x; \nint movedY \u003d nowY - y; \nx \u003d nowX; y \u003d nowY; \nparams.x \u003d params.x + movedX; \nparams.y \u003d params.y + movedY; wm.updateViewLayout(myView, params); \nbreak; \ndefault: \nbreak; \n}\n return false;\n }\n });\n\n   //Specify the view position\n       params.gravity \u003d Gravity.CENTER | Gravity.CENTER;        //Initially view will be added to top-left corner\n       params.x \u003d 0;\n       params.y \u003d 0;\n\n%4$s\n\nwm.addView(myView, params);\n}\n","color":"#FF4CAF50","name":"FloatNiCyberAlpha_CENTER","typeName":"","palette":"297","type":"h","spec":" FrameLayout Main Layout CENTER %s.inputOnly Holder %s.inputOnly Color %m.color"},{"code":"if (!android.provider.Settings.canDrawOverlays(%1$s.this)){\n\tIntent intent \u003d new Intent(android.provider.Settings.ACTION_MANAGE_OVERLAY_PERMISSION, Uri.parse(\"package:\" + getPackageName()));\n    startActivity(intent);\n    }\n    else{\nIntent startMain \u003d new Intent(Intent.ACTION_MAIN); startMain.addCategory(Intent.CATEGORY_HOME); //\nstartActivity(startMain);\n\n int LAYOUT_FLAG;\nif (Build.VERSION.SDK_INT \u003e\u003d Build.VERSION_CODES.O) {\n    LAYOUT_FLAG \u003d WindowManager.LayoutParams.TYPE_APPLICATION_OVERLAY;\n} else {\n    LAYOUT_FLAG \u003d WindowManager.LayoutParams.TYPE_PHONE;\n}\n\nfinal WindowManager.LayoutParams params \u003d new WindowManager.LayoutParams(\n    WindowManager.LayoutParams.WRAP_CONTENT,\n    WindowManager.LayoutParams.WRAP_CONTENT,\n    LAYOUT_FLAG,\n      \n    WindowManager.LayoutParams.FLAG_NOT_TOUCH_MODAL | WindowManager.LayoutParams.FLAG_NOT_FOCUSABLE\n     , \n\n    PixelFormat.TRANSPARENT);\n\n  final  WindowManager wm \u003d (WindowManager) getSystemService(WINDOW_SERVICE);\n    LayoutInflater inflater \u003d (LayoutInflater) getSystemService(LAYOUT_INFLATER_SERVICE);\n    //View myView \u003d inflater.inflate(R.layout.floating, null);\n\nfinal View myView \u003d (View) getLayoutInflater().inflate(R.layout.%2$s ,null); \n\n\nFrameLayout hold \u003d (FrameLayout) myView.findViewById(R.id.%3$s);\nhold.setBackground(new android.graphics.drawable.GradientDrawable() { public android.graphics.drawable.GradientDrawable getIns(int a, int b) { this.setCornerRadius(a); this.setColor(b); return this; } }.getIns((int)360, %4$s));\n\n    hold.setOnTouchListener(new OnTouchListener() {\nprivate int x;\nprivate int y;\n       @Override\n       public boolean onTouch(View v, MotionEvent event) {\n\n switch (event.getAction()) { \ncase MotionEvent.ACTION_DOWN: \nx \u003d (int) event.getRawX(); \ny \u003d (int) event.getRawY(); \nbreak;\n\ncase MotionEvent.ACTION_MOVE: int nowX \u003d (int) event.getRawX(); \nint nowY \u003d (int) event.getRawY(); \nint movedX \u003d nowX - x; \nint movedY \u003d nowY - y; \nx \u003d nowX; y \u003d nowY; \nparams.x \u003d params.x + movedX; \nparams.y \u003d params.y + movedY; wm.updateViewLayout(myView, params); \nbreak; \ndefault: \nbreak; \n}\n return false;\n }\n });\n\n   //Specify the view position\n       params.gravity \u003d Gravity.TOP | Gravity.LEFT;        //Initially view will be added to top-left corner\n       params.x \u003d 0;\n       params.y \u003d 0;\n\n%5$s\n\nwm.addView(myView, params);\n}\n/* credit by - Android sketchware master channel - https://youtube.com/@ANDROID_SKETCHWARE_MASTER telegram - @ANDROID_SKETCHWARE_MASTER It is made with care and free for you. It is for use only. Do not try to take credit for it. Credit only to this channel youtube.com/@ANDROID_SKETCHWARE_MASTER. * Code, block, name will not change. // And those who try to take credit in their own name by changing it - ********fuck./* \ncredit by - Android sketchware master\nchannel - https://youtube.com/@ANDROID_SKETCHWARE_MASTER\ntelegram - @ANDROID_SKETCHWARE_MASTER\n\nএটি অনেক যত্ন সহকারে আপনাদের জন্য ফ্রিতে বানানো হয়েছে। এটি শুধুমাত্র ব্যবহারের জন্য।এটির ক্রেডিট কেউ নিজের নামে নেওয়ার চেষ্টা করবেন না। ক্রেডিট শুধুমাত্র youtube.com/@ANDROID_SKETCHWARE_MASTER এই চ্যানেল এর উপরেই।\n*কোড , ব্লক , নাম চেঞ্জ করবে না।\n//আর যারা চেঞ্জ করে নিজের নামে credit নেওয়ার চেষ্টা করবে তার - ********fuck.*/","color":"#FF4CAF50","name":"FrameFloatNiCyberAlpha Master","typeName":"","palette":"297","type":"c","spec":"FrameLayout%m.activity in %m.layout  Holder %s.inputOnly Color %m.color"},{"code":"if (!android.provider.Settings.canDrawOverlays(MainActivity.this)){\n\tIntent intent \u003d new Intent(android.provider.Settings.ACTION_MANAGE_OVERLAY_PERMISSION, Uri.parse(\"package:\" + getPackageName()));\n    startActivity(intent);\n    }\n    else{\nIntent startMain \u003d new Intent(Intent.ACTION_MAIN); startMain.addCategory(Intent.CATEGORY_HOME); //startMain.setFlags(Intent.FLAG_ACTIVITY_EXCLUDE_FROM_RECENTS); \nstartActivity(startMain);\n\n int LAYOUT_FLAG;\nif (Build.VERSION.SDK_INT \u003e\u003d Build.VERSION_CODES.O) {\n    LAYOUT_FLAG \u003d WindowManager.LayoutParams.TYPE_APPLICATION_OVERLAY;\n} else {\n    LAYOUT_FLAG \u003d WindowManager.LayoutParams.TYPE_PHONE;\n}\n\nfinal WindowManager.LayoutParams params \u003d new WindowManager.LayoutParams(\n    WindowManager.LayoutParams.WRAP_CONTENT,\n    WindowManager.LayoutParams.WRAP_CONTENT,LAYOUT_FLAG, WindowManager.LayoutParams.FLAG_NOT_TOUCH_MODAL,\n     PixelFormat.TRANSPARENT);\n\n  final  WindowManager wm \u003d (WindowManager) getSystemService(WINDOW_SERVICE);\n    LayoutInflater inflater \u003d (LayoutInflater) getSystemService(LAYOUT_INFLATER_SERVICE);\n    //View myView \u003d inflater.inflate(R.layout.floating, null);\n\nfinal View myView \u003d (View) getLayoutInflater().inflate(R.layout.%1$s, null); \n\n\nLinearLayout hold \u003d (LinearLayout) myView.findViewById(R.id.%2$s);\nhold.setBackground(new android.graphics.drawable.GradientDrawable() { public android.graphics.drawable.GradientDrawable getIns(int a, int b) { this.setCornerRadius(a); this.setColor(b); return this; } }.getIns((int)360, %3$s));\n\n    hold.setOnTouchListener(new OnTouchListener() {\nprivate int x;\nprivate int y;\n       @Override\n       public boolean onTouch(View v, MotionEvent event) {\n\n switch (event.getAction()) { \ncase MotionEvent.ACTION_DOWN: \nx \u003d (int) event.getRawX(); \ny \u003d (int) event.getRawY(); \nbreak;\n\ncase MotionEvent.ACTION_MOVE: int nowX \u003d (int) event.getRawX(); \nint nowY \u003d (int) event.getRawY(); \nint movedX \u003d nowX - x; \nint movedY \u003d nowY - y; \nx \u003d nowX; y \u003d nowY; \nparams.x \u003d params.x + movedX; \nparams.y \u003d params.y + movedY; wm.updateViewLayout(myView, params); \nbreak; \ndefault: \nbreak; \n}\n return false;\n }\n });\n\n   //Specify the view position\n       params.gravity \u003d Gravity.TOP | Gravity.LEFT;        //Initially view will be added to top-left corner\n       params.x \u003d 0;\n       params.y \u003d 0;\n\n%4$s\n\nwm.addView(myView, params);\n}\n","color":"#FF4CAF50","name":"FloatNiCyberAlpha2 master","typeName":"","palette":"297","type":"c","spec":"2Layout %s.inputOnly Holder %s.inputOnly Color %m.color"},{"code":"final LinearLayout   %1$s \u003d (LinearLayout) myView.findViewById(R.id.%2$s);\n\n%1$s.setBackground(new android.graphics.drawable.GradientDrawable() { public android.graphics.drawable.GradientDrawable getIns(int a, int b) { this.setCornerRadius(a); this.setColor(b); return this; } }.getIns((int)%3$s, %4$s));","color":"#FF4CAF50","name":"roundbilog Master","typeName":"","palette":"297","type":" ","spec":"LinearLayout View Name %s.inputOnly ID %s.inputOnly Radius %d Color %m.color"},{"code":"final LinearLayout   %1$s \u003d (LinearLayout) myView.findViewById(R.id.%2$s);\n\n%1$s.setBackground(new android.graphics.drawable.GradientDrawable() { public android.graphics.drawable.GradientDrawable getIns(int a, int b) { this.setCornerRadius(a); return this; } }%3$s);","color":"#FF4CAF50","name":"roundbilog_sin color thank you master","typeName":"","palette":"297","type":" ","spec":"LinearLayout View Name %s.inputOnly ID %s.inputOnly Radius %d  "},{"code":"final Button   %1$s \u003d (Button) myView.findViewById(R.id.%2$s);\n\n%1$s.setBackground(new android.graphics.drawable.GradientDrawable() { public android.graphics.drawable.GradientDrawable getIns(int a, int b) { this.setCornerRadius(a); this.setColor(b); return this; } }.getIns((int)%3$s, %4$s));","color":"#FF4CAF50","name":"roundbilogbutton thank you android master","typeName":"","palette":"297","type":" ","spec":"button View Name %s.inputOnly ID %s.inputOnly Radius %d Color %m.color"},{"code":"final LinearLayout   %1$s \u003d (LinearLayout) myView.findViewById(R.id.%2$s);\n\n%1$s.setBackground(new android.graphics.drawable.GradientDrawable() { public android.graphics.drawable.GradientDrawable getIns(int a, int b) { this.setCornerRadius(a); this.setColor(b); return this; } }.getIns((int)%3$s, Color.parseColor(%4$s)));","color":"#FF4CAF50","name":"roundbilogmano thank you master","typeName":"","palette":"297","type":" ","spec":"LinearView Name %s.inputOnly ID %s.inputOnly Radius %d Color %s"},{"code":"final FrameLayout   %1$s \u003d (FrameLayout) myView.findViewById(R.id.%2$s);\n\n%1$s.setBackground(new android.graphics.drawable.GradientDrawable() { public android.graphics.drawable.GradientDrawable getIns(int a, int b) { this.setCornerRadius(a); this.setColor(b); return this; } }.getIns((int)%3$s, %4$s));","color":"#FF4CAF50","name":"roundbilogframe thank you master","typeName":"","palette":"297","type":" ","spec":"FrameView Name %s.inputOnly ID %s.inputOnly Radius %d Color %m.color"},{"code":"final FrameLayout   %1$s \u003d (FrameLayout) myView.findViewById(R.id.%2$s);\n\n%1$s.setBackground(new android.graphics.drawable.GradientDrawable() { \npublic android.graphics.drawable.GradientDrawable getIns(int a, int b) \n{ \nthis.setCornerRadius(a); this.setColor(b); return this; \n} }\n.getIns((int)%3$s, Color.parseColor(%4$s)));","color":"#FF4CAF50","name":"roundbilogframemano","typeName":"","palette":"297","type":" ","spec":"FrameView Name %s.inputOnly ID %s.inputOnly Radius %d Color %s"},{"code":"wm.removeView(myView);","color":"#FF4CAF50","name":"ExitWindow thank you master","typeName":"","palette":"297","type":" ","spec":"Exit Window"},{"code":"Button %1$s \u003d (Button) myView.findViewById(R.id.%2$s);\n\n%1$s.setOnClickListener(new OnClickListener() { \n@Override \npublic void onClick(View v) {\n%3$s\n} });","color":"#FF4CAF50","name":"click layout buttonview thank you master_copy97","typeName":"","palette":"297","type":"h","spec":" click layout use         Button Name %s.inputOnly ID %s.inputOnly"},{"code":"LinearLayout %1$s \u003d (LinearLayout) myView.findViewById(R.id.%2$s);\n%1$s.setOnClickListener(new OnClickListener() { \n@Override \npublic void onClick(View v) {\n%3$s\n} });","color":"#FF4CAF50","name":"holderlin thank you master","typeName":"","palette":"297","type":"c","spec":"Holder Onclick Name %s.inputOnly ID %s.inputOnly"},{"code":"%1$s.setOnClickListener(new OnClickListener() { \n@Override \npublic void onClick(View v) {\n\n%2$s\n\n} });","color":"#FF4CAF50","name":"buttonview thank you master","typeName":"","palette":"297","type":"c","spec":"%s.inputOnly  id one click "},{"code":"%1$s %2$s \u003d (%1$s)myView.findViewById(R.id.%3$s);\n\n%3$s.setOnCheckedChangeListener(new CompoundButton.OnCheckedChangeListener() {\r\n\t\t\t@Override\r\n\t\t\tpublic void onCheckedChanged(CompoundButton _param1, boolean _param2)  {\r\n\t\t\t\tfinal boolean _isChecked \u003d _param2;\r\n\t\t\t\tif (_isChecked) {\r\n\t\t\t\t\t%4$s\r\n\t\t\t\t}\r\n\t\t\t\telse {\r\n\t\t\t\t\t%5$s\r\n\t\t\t\t}\r\n\t\t\t}\r\n\t\t});","color":"#FF4CAF50","name":"buttonview thank you master_copy61","typeName":"","palette":"297","type":"e","spec":" my view %m.typeview  to custom id %s.inputOnly  real id %s.inputOnly   \u003d switch on","spec2":"switch  \u003d off 📴 work"},{"code":"%1$s.setOnCheckedChangeListener(new CompoundButton.OnCheckedChangeListener() {\r\n\t\t\t@Override\r\n\t\t\tpublic void onCheckedChanged(CompoundButton _param1, boolean _param2)  {\r\n\t\t\t\tfinal boolean _isChecked \u003d _param2;\r\n\t\t\t\tif (_isChecked) {\r\n\t\t\t\t\t%2$s\r\n\t\t\t\t}\r\n\t\t\t\telse {\r\n\t\t\t\t\t%3$s\r\n\t\t\t\t}\r\n\t\t\t}\r\n\t\t});","color":"#FF4CAF50","name":"buttonview thank you master_copy89","typeName":"","palette":"297","type":"e","spec":" %s.inputOnly  id is switched on","spec2":"switch  \u003d off 📴 work"},{"code":"%1$s","color":"#FF4CAF50","name":"view thank you master","typeName":"View","palette":"297","type":"v","spec":" %s.inputOnly  id","spec2":"switch  \u003d off 📴 work"},{"code":"Button %1$s \u003d (Button) myView.findViewById(R.id.%2$s);\n\n%1$s.setOnClickListener(new OnClickListener() { \n@Override \npublic void onClick(View v) {\n%3$s\n} });","color":"#FF4CAF50","name":"buttonview thank you master_copy72","typeName":"","palette":"297","type":"c","spec":"Button Name %s.inputOnly ID %s.inputOnly"},{"code":"TextView %1$s \u003d (TextView) myView.findViewById(R.id.%2$s);\n\n%1$s.setOnClickListener(new OnClickListener() { \n@Override \npublic void onClick(View v) {\n%3$s\n} });","color":"#FF4CAF50","name":"textview","typeName":"","palette":"297","type":"c","spec":"Textview Name %s.inputOnly ID %s.inputOnly"},{"code":"ImageView i%1$s \u003d (ImageView) myView.findViewById(R.id.%1$s);\n\ni%1$s.setOnClickListener(new OnClickListener() { \n@Override \npublic void onClick(View v) {\n%2$s\n} });","color":"#FF4CAF50","name":"imageview thank you master","typeName":"","palette":"297","type":"c","spec":"Imageview ID %s.inputOnly"},{"code":"%1$s.setVisibility(View.GONE);         ","color":"#FF4CAF50","name":"gonkil thanks you Master","typeName":"","palette":"297","type":" ","spec":"Layout Gone %s.inputOnly id"},{"code":"%1$s.setVisibility(View.VISIBLE);         ","color":"#FF4CAF50","name":"visiball thank you master","typeName":"","palette":"297","type":" ","spec":"Layout Visible %s.inputOnly id "},{"code":"ListView %1$s \u003d (ListView) myView.findViewById(R.id.%2$s);\nArrayList\u003cString\u003e %3$s \u003d new ArrayList\u003c\u003e();\n\n%4$s\n\n%1$s.setAdapter(new ArrayAdapter\u003cString\u003e(getBaseContext(), android.R.layout.simple_list_item_1, %3$s));\r","color":"#FF4CAF50","name":"custlist thank you masterthank you master","typeName":"","palette":"297","type":"c","spec":"ListView Name %s.inputOnly ID %s.inputOnly ListSrting %s.inputOnly"},{"code":"((BaseAdapter)%1$s.getAdapter()).notifyDataSetChanged();","color":"#FF4CAF50","name":"reflist thank you master","typeName":"","palette":"297","type":" ","spec":"Refresh List %s.inputOnly"},{"code":"%2$s.add(%1$s);","color":"#FF4CAF50","name":"stringmoer","typeName":"","palette":"297","type":" ","spec":"Add %s to ListString %s.inputOnly"},{"code":"%1$s.setOnItemClickListener(new AdapterView.OnItemClickListener() {\r\n\t\t\t@Override\r\n\t\t\tpublic void onItemClick(AdapterView\u003c?\u003e _param1, View _param2, int _param3, long _param4) {\r\n\t\t\t\tfinal int _position \u003d _param3;\r\n\t\t\t\t%2$s\r\t\t\t\r\n\t\t\t}\r\n\t\t});","color":"#FF4CAF50","name":"onclicker thank you master","typeName":"","palette":"297","type":"c","spec":"List onclick %s.inputOnly"},{"code":"_position","color":"#FF4CAF50","name":"postal thank you master","typeName":"","palette":"297","type":"d","spec":"position"},{"code":"LinearLayout %1$s \u003d myView.findViewById(R.id.%2$s);\nEditText %3$s \u003d myView.findViewById(R.id.%4$s);\n\n((LinearLayout)%1$s).removeView(%3$s); \nfinal com.google.android.material.textfield.TextInputLayout %5$s \u003d new com.google.android.material.textfield.TextInputLayout (MainActivity.this);\n %5$s.setLayoutParams(new LinearLayout.LayoutParams(LinearLayout.LayoutParams.MATCH_PARENT, LinearLayout.LayoutParams.WRAP_CONTENT)); \n\n %5$s.setPadding((int)getDip(2), (int)getDip(2) , (int)getDip(2) , (int)getDip(2) );\n%5$s.setGravity(Gravity.CENTER);\n%5$s.setHintEnabled(true);\n%5$s.setHint(\"%6$s\");\n%5$s.setBoxBackgroundMode(%5$s.BOX_BACKGROUND_OUTLINE); \n%5$s.setBoxStrokeColor(%7$s);\n%5$s.setBoxCornerRadii(5, 5, 5, 5);\n%5$s.setErrorEnabled(true);\n%5$s.setHintAnimationEnabled(true);\n\n%5$s.addView(%3$s);\n ((LinearLayout)%1$s).addView(%5$s);","color":"#FF4CAF50","name":"Material Input2 thank you master","typeName":"","palette":"297","type":" ","spec":"LayoutName %s.inputOnly \u0026 ID%s.inputOnly | Edittext name %s.inputOnly \u0026 ID %s.inputOnly | Material %s.inputOnly Hint %s.inputOnly | Color %m.color"},{"code":"%1$s.getText().toString()","color":"#FF4CAF50","name":"gtext thank you master","typeName":"","palette":"297","type":"s","spec":"%s.inputOnly getText"},{"code":"RequestNetwork.RequestListener %1$s \u003d new RequestNetwork.RequestListener() {\r\n\t@Override\r\n\t\t\tpublic void onResponse(String _param1, String _param2) {\r\n\t\t\t\tfinal String _tag \u003d _param1;\r\n\t\t\t\tfinal String _response \u003d _param2;\r\n\t\t\t%2$s\t\r\n\t\t\t}\r\n\t\t\t\r\n\t\t\t@Override\r\n\t\t\tpublic void onErrorResponse(String _param1, String _param2) {\r\n\t\t\t\tfinal String _tag \u003d _param1;\r\n\t\t\t\tfinal String _message \u003d _param2;\r\n\t\t\t\t%3$s\r\n\t\t\t}\r\n\t\t};","color":"#FF4CAF50","name":"requestmo thank you master","typeName":"","palette":"297","type":"e","spec":"%s.inputOnly Request Network","spec2":"oops error"},{"code":"_response","color":"#FF4CAF50","name":"respo thank you master","typeName":"","palette":"297","type":"s","spec":"response"},{"code":"%1$s.smoothScrollToPosition((int)(%2$s.size()));","color":"#FF4CAF50","name":"smoter thank you master","typeName":"","palette":"297","type":" ","spec":"%s.inputOnly smoothScroll %s.inputOnly"},{"code":"%1$s.setAlpha((float)(0));","color":"#FF4CAF50","name":"ocultar icono thank you master","typeName":"","palette":"297","type":" ","spec":"Set alpha  ID %s.inputOnly "},{"code":"%1$s.setAlpha((float)(1));","color":"#FF4CAF50","name":"mostrar icono thank you master","typeName":"","palette":"297","type":" ","spec":"Alpha float  ID %s.inputOnly "},{"code":"EditText %1$s \u003d myView.findViewById(R.id.%2$s);\n\n%1$s.setText(%3$s);","color":"#FF4CAF50","name":"texsor thank you master","typeName":"","palette":"297","type":" ","spec":"Name %s.inputOnly ID %s.inputOnly setText %s"},{"code":"%1$s.setText(%2$s);","color":"#FF4CAF50","name":"texsor2 thank you master","typeName":"","palette":"297","type":" ","spec":"%s.inputOnly NonID setText %s"},{"code":"EditText %1$s \u003d myView.findViewById(R.id.%2$s);\n%1$s.setCursorVisible(%3$s);\n%1$s.setFocusable(%3$s);","color":"#FF4CAF50","name":"primera thank you master","typeName":"","palette":"297","type":" ","spec":"SetFocus Name %s.inputOnly ID %s.inputOnly %b"},{"code":"TextView %1$s \u003d (TextView)myView.findViewById(R.id.%2$s); %1$s.setEllipsize(TextUtils.TruncateAt.MARQUEE); %1$s.setText(\"%3$s\"); %1$s.setSelected(true); %1$s.setSingleLine(true);","color":"#FF4CAF50","name":"running text","typeName":"","palette":"297","type":" ","spec":"Running Text setName %s.inputOnly setID %s.inputOnly setText %s.inputOnly "},{"code":"ImageView %1$s \u003d (ImageView) myView.findViewById(R.id.%2$s);\n\n%1$s.setOnClickListener(new OnClickListener() { \n@Override \npublic void onClick(View v) {\n\n%3$s\n\n} });","color":"#FF4CAF50","name":"paste thank you master","typeName":"","palette":"297","type":"c","spec":"Icon Paste  Name %s.inputOnly ID %s.inputOnly"},{"code":"EditText %1$s \u003d myView.findViewById(R.id.%2$s);\n\nandroid.content.ClipboardManager clipboard \u003d (android.content.ClipboardManager) getSystemService(CLIPBOARD_SERVICE);\nClipData clipData \u003d clipboard.getPrimaryClip();\n\nString clip \u003d clipData.getItemAt(0).getText().toString();\n%1$s.setText(clip);\n","color":"#FF4CAF50","name":"editpaste thank you master","typeName":"","palette":"297","type":" ","spec":"EditText Paste Name %s.inputOnly ID %s.inputOnly"},{"code":"%1$s.getLineCount();\n%1$s.append(String.valueOf(%1$s)+\"\\n\");","color":"#FF4CAF50","name":"appendix thank you master","typeName":"","palette":"297","type":" ","spec":"%s.inputOnly append"},{"code":"final TextView d%1$s \u003d (TextView) myView.findViewById(R.id.%1$s);\n\nd%1$s.setText(%2$s);\nd%1$s.setTextColor(%3$s);","color":"#FF4CAF50","name":"lutext thank you Android master","typeName":"","palette":"297","type":" ","spec":"%s.inputOnly setText %s Color %m.color"},{"code":"CheckBox %1$sat \u003d(CheckBox)myView.findViewById(R.id.%1$s);\n\nandroid.content.res.ColorStateList %1$satph \u003d new android.content.res.ColorStateList( new int[][]{ new int[]{-android.R.attr.state_enabled}, new int[]{android.R.attr.state_checked}, new int[]{} }, new int[]{ Color.BLUE, %2$s, %3$s } );\n%1$sat.setThumbTintList(%1$satph);\n\n//code by CyberAlpha PH","color":"#FF4CAF50","name":"CyberAlpha CheckBox Color Mano thank you Android master","typeName":"","palette":"297","type":" ","spec":"CheckBox %s.inputOnly ON Color %m.color  OFF Color %m.color "},{"code":"Switch %1$sat \u003d(Switch)myView.findViewById(R.id.%1$s);\n\nandroid.content.res.ColorStateList %1$satph \u003d new android.content.res.ColorStateList( new int[][]{ new int[]{-android.R.attr.state_enabled}, new int[]{android.R.attr.state_checked}, new int[]{} }, new int[]{ Color.BLUE, %2$s, %3$s } );\n%1$sat.setThumbTintList(%1$satph);\n\n//code by CyberAlpha PH","color":"#FF4CAF50","name":"CyberAlpha Switch Color Mano thank you Android master","typeName":"","palette":"297","type":" ","spec":"%s.inputOnly ON Color %m.color  OFF Color %m.color "},{"code":"Switch %1$sha \u003d (Switch)myView.findViewById(R.id.%1$s);\n\n%1$sha.setOnCheckedChangeListener(new CompoundButton.OnCheckedChangeListener() {\r\n\t\t\t@Override\r\n\t\t\tpublic void onCheckedChanged(CompoundButton _param1, boolean _param2)  {\r\n\t\t\t\tfinal boolean _isChecked \u003d _param2;\r\n\t\t\t\tif (_isChecked) {\r\n\t\t\t\t\t%2$s\r\n\t\t\t\t}\r\n\t\t\t\telse {\r\n\t\t\t\t\t%3$s\r\n\t\t\t\t}\r\n\t\t\t}\r\n\t\t});","color":"#FF4CAF50","name":"Floater Switch thank you Android master ","typeName":"","palette":"297","type":"e","spec":"Switch ID %s.inputOnly","spec2":"off"},{"code":"CheckBox %1$sha \u003d (CheckBox)myView.findViewById(R.id.%1$s);\n\n%1$sha.setOnCheckedChangeListener(new CompoundButton.OnCheckedChangeListener() {\r\n\t\t\t@Override\r\n\t\t\tpublic void onCheckedChanged(CompoundButton _param1, boolean _param2)  {\r\n\t\t\t\tfinal boolean _isChecked \u003d _param2;\r\n\t\t\t\tif (_isChecked) {\r\n\t\t\t\t\t%2$s\r\n\t\t\t\t}\r\n\t\t\t\telse {\r\n\t\t\t\t\t%3$s\r\n\t\t\t\t}\r\n\t\t\t}\r\n\t\t});","color":"#FF4CAF50","name":"Floater CheckBox thank you Android master","typeName":"","palette":"297","type":"e","spec":"CheckBox ID %s.inputOnly","spec2":"off"},{"code":"RadioButton %1$sha \u003d (RadioButton)myView.findViewById(R.id.%1$s);\n\n%1$sha.setOnCheckedChangeListener(new CompoundButton.OnCheckedChangeListener() {\r\n\t\t\t@Override\r\n\t\t\tpublic void onCheckedChanged(CompoundButton _param1, boolean _param2)  {\r\n\t\t\t\tfinal boolean _isChecked \u003d _param2;\r\n\t\t\t\tif (_isChecked) {\r\n\t\t\t\t\t%2$s\r\n\t\t\t\t}\r\n\t\t\t\telse {\r\n\t\t\t\t\t%3$s\r\n\t\t\t\t}\r\n\t\t\t}\r\n\t\t});","color":"#FF4CAF50","name":"Floater RadioButton thank you Android master","typeName":"","palette":"297","type":"e","spec":"RadioButton ID %s.inputOnly","spec2":"off"},{"code":"%1$s.setBackground(new GradientDrawable() { public GradientDrawable getIns(int a, int b, int c) { this.setCornerRadius(a); this.setStroke(b, c); return this; } }.getIns((int)%2$s, (int)%3$s, %4$s));","color":"#FF4CAF50","name":"stroke sin fondo thank you Android master","typeName":"","palette":"297","type":" ","spec":"%m.view  setCornerRadius %d  stroke %d  %m.color "},{"code":"final %2$s   %3$s \u003d (%2$s) myView.findViewById(R.id.%1$s);","color":"#FF4CAF50","name":"identificador thank you Android master","typeName":"","palette":"297","type":"h","spec":"thank you Android Sketchware Master"}]