[{"code":"","color":"#FF0097A7","name":"Developed By Arab Ware Channel","typeName":"","palette":"139","type":"h","spec":"Developed By Arab Ware Channel"},{"code":"%1$s","color":"#FF0097A7","name":"Component Floating Window 2","typeName":"FloatWindowFix","palette":"139","type":"v","spec":"FloatingWindow2 %s.inputOnly"},{"code":"","color":"#FF0097A7","name":"PUT These Blocks!","typeName":"","palette":"139","type":"h","spec":"Please Put These Blocks Into On Show Event"},{"code":"LayoutInflater %1$sL \u003d LayoutInflater.from(this);","color":"#FF0097A7","name":"create layout inflater","typeName":"","palette":"139","type":" ","spec":"create layout inflater %m.FloatWindowFix"},{"code":"%1$sV \u003d %1$sL.inflate(R.layout.%2$s, null);","color":"#FF0097A7","name":"DisplayView","typeName":"","palette":"139","type":" ","spec":"%m.FloatWindowFix Set %m.customViews"},{"code":"%1$sV.setOnTouchListener(new FloatingOnTouchListener());","color":"#FF0097A7","name":"Create Listener","typeName":"","palette":"139","type":" ","spec":"%m.FloatWindowFix Create OnTouch Listener"},{"code":"final %2$s %4$s  \u003d %1$sV.findViewById(R.id.%3$s);","color":"#FF0097A7","name":"CreateView","typeName":"","palette":"139","type":" ","spec":"%m.FloatWindowFix Create View Type %m.typeview Find By Its ID %s.inputOnly with new ID %s.inputOnly"},{"code":"%2$s\n%1$s.addView(%1$sV, %1$sLP);","color":"#FF0097A7","name":"Events Here","typeName":"","palette":"139","type":"c","spec":"%m.FloatWindowFix Put Here All Events"},{"code":"","color":"#FF0097A7","name":"Please Put These Blocks !","typeName":"","palette":"139","type":"h","spec":"Please Put These Blocks Into On Touch Event"},{"code":"%1$sLP.x \u003d %1$sLP.x + movedX;\n%1$sLP.y \u003d %1$sLP.y + movedY;\n%1$s.updateViewLayout(view, %1$sLP);","color":"#FF0097A7","name":"OnTouch","typeName":"","palette":"139","type":" ","spec":"%m.FloatWindowFix On Touch |!Put It Into On Touch Of FloatWindowFix|"},{"code":"","color":"#FF0097A7","name":"Please Put These Blocks Into On Close Event","typeName":"","palette":"139","type":"h","spec":"Please Put These Blocks Into On Close Event"},{"code":"%1$s.removeView(%1$sV);","color":"#FF0097A7","name":"OnClose","typeName":"","palette":"139","type":" ","spec":"%m.FloatWindowFix |!Put This Into On Close Of FloatWindowFix|"},{"code":"","color":"#FF0097A7","name":"Please Put These Blocks Into On Create Event","typeName":"","palette":"139","type":"h","spec":"Please Put These Blocks Into On Create Event"},{"code":"%1$s \u003d (WindowManager) getSystemService(WINDOW_SERVICE);\n\n%1$sLP \u003d new WindowManager.LayoutParams();\n\n\nif (Build.VERSION.SDK_INT \u003e\u003d Build.VERSION_CODES.O) {\n\t\n\t%1$sLP.type \u003d WindowManager.LayoutParams.TYPE_APPLICATION_OVERLAY;\n\t\n} else {\n\t\n\t%1$sLP.type \u003d WindowManager.LayoutParams.TYPE_PHONE;\n\t\n}\n\n\r\n%1$sLP.format \u003d PixelFormat.RGBA_8888;\n\n%1$sLP.gravity \u003d Gravity.LEFT | Gravity.TOP;\n\n%1$sLP.flags \u003d WindowManager.LayoutParams.FLAG_NOT_TOUCH_MODAL | WindowManager.LayoutParams.FLAG_NOT_FOCUSABLE;\n\n%1$sLP.width \u003d %2$s;\n%1$sLP.height \u003d %3$s;\n\n%1$sLP.x \u003d 0;\n%1$sLP.y \u003d 0;\n\n","color":"#FF0097A7","name":"Library","typeName":"","palette":"139","type":" ","spec":"Install Floating window Library %m.FloatWindowFix with width %d with hieght %d"},{"code":"","color":"#FF0097A7","name":"Extra Blocks","typeName":"","palette":"139","type":"h","spec":"Extra Blocks"},{"code":"android.provider.Settings.canDrawOverlays(%s.this)","color":"#FF0097A7","name":"canDrawOverlays2","typeName":"","palette":"139","type":"b","spec":"%m.activity canDrawOverlays"},{"code":"%1$s \u003d new Intent(android.provider.Settings.ACTION_MANAGE_OVERLAY_PERMISSION,\nUri.parse(\"package:\" + getPackageName()));\nstartActivity(%1$s);","color":"#FF0097A7","name":"getPermissionOverlay2","typeName":"","palette":"139","type":" ","spec":"%m.intent getOverLayPermission"},{"code":"showFloatingWindow();","color":"#FF0097A7","name":"showFloatingWindow2","typeName":"","palette":"139","type":" ","spec":"Show Floating Window"},{"code":"closes();","color":"#FF0097A7","name":"closeWindow2","typeName":"","palette":"139","type":"f","spec":"closeWindow"}]